unix_ts,t_s,L,F,X,Y,Z
1777751443.702,2.591,0,0,0,0,0
1777751443.718,2.607,0,0,0,0,0
1777751445.699,4.589,87,0,31806,9278,0
1777751445.796,4.685,85,0,-9728,-9728,0
1777751445.908,4.797,85,0,-10752,0,0
1777751446.003,4.893,85,0,0,0,0
1777751446.115,5.005,83,0,-9728,-9728,0
1777751446.211,5.101,83,0,-20480,0,0
1777751446.322,5.213,84,0,-4608,-4608,0
1777751446.419,5.309,84,0,-13824,0,0
1777751446.533,5.421,88,0,16384,0,0
1777751446.643,5.533,85,0,-9728,-9728,0
1777751446.739,5.629,86,0,28672,0,0
1777751446.850,5.740,86,0,-15872,-15872,0
1777751446.946,5.836,85,0,-3584,0,0
1777751447.060,5.949,86,0,-17408,0,0
1777751447.170,6.060,85,0,-21504,-21504,0
1777751447.268,6.156,84,0,31744,0,0
1777751447.378,6.268,84,0,11264,0,0
1777751447.477,6.364,85,0,-5632,-5632,0
1777751447.594,6.476,86,0,-6656,0,0
1777751447.698,6.588,85,0,-8704,-8704,0
1777751447.793,6.684,86,0,-24576,0,0
1777751447.890,6.781,85,0,-24576,0,0
1777751448.003,6.892,83,0,25600,25600,0
1777751448.099,6.988,82,0,9856,0,0
1777751448.210,7.100,82,0,30720,30720,0
1777751448.322,7.211,82,0,-27648,0,0
1777751448.418,7.308,83,0,-32767,0,0
1777751448.530,7.419,84,0,-1024,-1024,0
1777751448.643,7.532,82,0,-32768,0,0
1777751448.741,7.631,79,0,26624,26624,0
1777751448.834,7.724,79,0,0,0,0
1777751448.945,7.835,75,0,5120,0,0
1777751449.056,7.947,77,0,-20480,-20480,0
1777751449.152,8.043,76,0,-32768,0,0
1777751449.266,8.155,73,0,6720,6720,0
1777751449.377,8.267,75,0,-32768,0,0
1777751449.473,8.363,72,0,-24576,0,0
1777751449.585,8.475,73,0,-4096,-4096,0
1777751449.681,8.571,73,0,-32768,0,0
1777751449.791,8.682,82,0,-32768,-32768,0
1777751449.888,8.778,59,0,492,0,0
1777751450.000,8.890,95,0,0,0,0
1777751450.097,8.986,175,0,0,0,0
1777751450.210,9.098,236,0,0,0,0
1777751450.305,9.194,333,0,0,0,0
1777751450.416,9.306,587,0,0,0,0
1777751450.527,9.418,610,0,0,0,0
1777751450.624,9.514,617,0,0,0,0
1777751450.736,9.626,603,0,0,0,0
1777751450.832,9.722,597,0,0,0,0
1777751450.944,9.834,595,0,0,0,0
1777751451.040,9.930,594,0,0,0,0
1777751451.152,10.042,593,0,0,0,0
1777751451.264,10.153,592,0,0,0,0
1777751451.360,10.249,592,0,0,0,0
1777751451.511,10.367,586,0,0,0,0
1777751451.572,10.462,585,0,0,0,0
1777751451.678,10.569,577,0,0,0,0
1777751451.774,10.665,576,0,0,0,0
1777751451.886,10.776,568,0,0,0,0
1777751452.006,10.896,577,0,0,0,0
1777751452.094,10.984,577,0,0,0,0
1777751452.206,11.096,581,0,0,0,0
1777751452.315,11.199,589,0,0,0,0
1777751452.430,11.308,598,0,0,0,0
1777751452.538,11.406,604,0,0,0,0
1777751452.649,11.514,602,0,0,0,0
1777751452.762,11.626,603,0,0,0,0
1777751452.867,11.725,603,0,0,0,0
1777751452.976,11.838,603,0,0,0,0
1777751453.089,11.940,603,0,0,0,0
1777751453.183,12.044,603,0,0,0,0
1777751453.246,12.136,604,0,0,0,0
1777751453.357,12.248,603,0,0,0,0
1777751453.469,12.359,604,0,0,0,0
1777751453.565,12.455,604,0,0,0,0
1777751453.678,12.568,604,0,0,0,0
1777751453.774,12.664,605,0,0,0,0
1777751453.887,12.776,605,0,0,0,0
1777751453.998,12.887,605,0,0,0,0
1777751454.094,12.983,606,0,0,0,0
1777751454.205,13.095,606,0,0,0,0
1777751454.302,13.191,604,0,0,0,0
1777751454.413,13.303,607,0,0,0,0
1777751454.509,13.399,607,0,0,0,0
1777751454.621,13.511,606,0,0,0,0
1777751454.718,13.607,606,0,0,0,0
1777751454.829,13.719,607,0,0,0,0
1777751454.941,13.831,607,0,0,0,0
1777751455.037,13.927,607,0,0,0,0
1777751455.148,14.038,603,0,0,0,0
1777751455.245,14.135,601,0,0,0,0
1777751455.357,14.246,590,0,0,0,0
1777751455.469,14.358,563,0,0,0,0
1777751455.564,14.454,486,0,0,0,0
1777751455.676,14.566,460,0,0,0,0
1777751455.772,14.662,480,0,0,0,0
1777751455.884,14.774,486,0,0,0,0
1777751455.980,14.870,495,0,0,0,0
1777751456.092,14.982,503,0,0,0,0
1777751456.204,15.093,504,0,0,0,0
1777751456.299,15.189,501,0,0,0,0
1777751456.411,15.301,496,0,0,0,0
1777751456.508,15.397,496,0,0,0,0
1777751456.619,15.509,503,0,0,0,0
1777751456.715,15.605,493,0,0,0,0
1777751456.829,15.717,442,0,0,0,0
1777751456.925,15.813,406,0,0,0,0
1777751457.035,15.925,406,0,0,0,0
1777751457.147,16.037,270,0,0,0,0
1777751457.243,16.133,200,0,0,0,0
1777751457.354,16.244,245,0,0,0,0
1777751457.451,16.341,512,0,0,0,0
1777751457.564,16.452,659,0,0,0,0
1777751457.675,16.565,665,0,0,0,0
1777751457.770,16.660,674,1,0,0,0
1777751457.882,16.772,679,0,0,0,0
1777751457.980,16.869,675,0,0,0,0
1777751458.090,16.980,673,0,0,0,0
1777751458.188,17.076,277,0,0,0,0
1777751458.298,17.188,141,0,0,0,0
1777751458.399,17.287,97,0,0,0,0
1777751458.508,17.396,75,0,0,0,0
1777751458.623,17.510,61,0,0,0,0
1777751458.714,17.604,77,0,0,0,0
1777751458.825,17.715,51,0,0,0,0
1777751458.922,17.812,49,0,0,0,0
1777751459.034,17.924,58,0,0,0,0
1777751459.147,18.035,595,0,0,0,0
1777751459.241,18.131,632,0,0,0,0
1777751459.352,18.243,637,0,0,0,0
1777751459.448,18.339,641,0,0,0,0
1777751459.561,18.451,642,0,0,0,0
1777751459.659,18.547,357,0,0,0,0
1777751459.772,18.659,145,0,0,0,0
1777751459.880,18.770,100,0,0,0,0
1777751459.977,18.866,78,0,0,0,0
1777751460.089,18.979,67,0,0,0,0
1777751460.186,19.075,60,0,0,0,0
1777751460.297,19.187,341,0,0,0,0
1777751460.393,19.282,630,0,0,0,0
1777751460.508,19.395,638,0,0,0,0
1777751460.618,19.506,644,0,0,0,0
1777751460.713,19.602,270,0,0,0,0
1777751460.826,19.715,126,0,0,0,0
1777751460.922,19.810,89,0,0,0,0
1777751461.032,19.922,74,0,0,0,0
1777751461.128,20.018,147,0,0,0,0
1777751461.244,20.130,620,0,0,0,0
1777751461.354,20.242,636,0,0,0,0
1777751461.448,20.338,643,0,0,0,0
1777751461.560,20.450,644,0,0,0,0
1777751461.658,20.546,646,0,0,0,0
1777751461.771,20.658,643,0,0,0,0
1777751461.865,20.754,646,0,0,0,0
1777751461.977,20.866,657,0,0,0,0
1777751462.088,20.978,664,0,0,0,0
1777751462.183,21.073,662,0,0,0,0
1777751462.295,21.185,668,0,0,0,0
1777751462.395,21.282,672,0,0,0,0
1777751462.504,21.393,665,0,0,0,0
1777751462.599,21.489,669,0,0,0,0
1777751462.710,21.601,671,0,0,0,0
1777751462.822,21.713,675,0,0,0,0
1777751462.918,21.809,678,0,0,0,0
1777751463.430,22.320,788,1001,0,0,0
1777751463.526,22.416,686,0,0,0,0
1777751463.640,22.529,682,0,0,0,0
1777751463.750,22.640,684,0,0,0,0
1777751463.847,22.736,682,0,0,0,0
1777751463.958,22.848,677,0,0,0,0
1777751464.054,22.944,676,0,0,0,0
1777751464.167,23.056,682,0,0,0,0
1777751464.678,23.568,922,1008,0,0,0
1777751465.175,24.064,907,1007,0,0,0
1777751465.286,24.176,691,0,0,0,0
1777751465.381,24.271,688,0,0,0,0
1777751465.494,24.383,686,0,0,0,0
1777751465.592,24.480,685,0,0,0,0
1777751465.702,24.591,688,0,0,0,0
1777751465.798,24.688,690,0,0,0,0
1777751465.910,24.799,691,0,0,0,0
1777751466.022,24.911,692,0,0,0,0
1777751466.118,25.007,694,0,0,0,0
1777751466.230,25.119,693,0,0,0,0
1777751466.326,25.216,694,0,0,0,0
1777751466.438,25.327,694,0,0,0,0
1777751466.534,25.423,695,0,0,0,0
1777751466.646,25.535,695,0,0,0,0
1777751466.758,25.647,694,0,0,0,0
1777751466.856,25.743,695,0,0,0,0
1777751466.966,25.855,695,0,0,0,0
1777751467.061,25.951,696,0,0,0,0
1777751467.573,26.463,768,1001,0,0,0
1777751468.084,26.974,777,997,0,0,0
1777751468.580,27.470,848,1005,0,0,0
1777751469.091,27.981,859,1005,0,0,0
1777751469.602,28.492,870,1007,0,0,0
1777751470.099,28.989,865,1007,0,0,0
1777751470.614,29.503,913,1009,0,0,0
1777751470.706,29.596,672,0,0,0,0
1777751470.819,29.709,670,0,0,0,0
1777751470.915,29.805,664,0,0,0,0
1777751471.027,29.916,658,0,0,0,0
1777751471.122,30.012,638,0,0,0,0
1777751471.235,30.125,636,0,0,0,0
1777751471.347,30.236,635,0,0,0,0
1777751471.443,30.332,632,0,0,0,0
1777751471.556,30.446,630,0,0,0,0
1777751471.651,30.540,625,0,0,0,0
1777751471.762,30.652,625,0,0,0,0
1777751471.859,30.749,623,0,0,0,0
1777751471.971,30.860,599,0,0,0,0
1777751472.066,30.956,549,0,0,0,0
1777751472.178,31.068,519,0,0,0,0
1777751472.289,31.179,499,0,0,0,0
1777751472.386,31.276,536,0,0,0,0
1777751472.497,31.388,513,0,0,0,0
1777751472.593,31.483,508,0,0,0,0
1777751472.705,31.595,503,0,0,0,0
1777751472.817,31.707,491,0,0,0,0
1777751472.913,31.803,501,0,0,0,0
1777751473.024,31.915,502,0,0,0,0
1777751473.121,32.011,496,0,0,0,0
1777751473.232,32.123,489,0,0,0,0
1777751473.328,32.219,492,0,0,0,0
1777751473.441,32.331,487,0,0,0,0
1777751473.553,32.443,476,0,0,0,0
1777751473.649,32.539,405,0,0,0,0
1777751473.761,32.650,290,0,0,0,0
1777751473.857,32.747,200,0,0,0,0
1777751473.969,32.859,180,0,0,0,0
1777751474.065,32.955,172,0,0,0,0
1777751474.179,33.067,181,0,0,0,0
1777751474.288,33.178,175,0,0,0,0
1777751474.385,33.274,171,0,0,0,0
1777751474.496,33.386,172,0,0,0,0
1777751474.592,33.482,158,0,0,0,0
1777751474.704,33.594,155,0,0,0,0
1777751474.801,33.690,141,0,0,0,0
1777751474.915,33.802,131,0,0,0,0
1777751475.024,33.914,124,0,0,0,0
1777751475.123,34.010,123,0,0,0,0
1777751475.231,34.121,123,0,0,0,0
1777751475.328,34.218,116,0,0,0,0
1777751475.441,34.330,108,0,0,0,0
1777751475.535,34.425,107,0,0,0,0
1777751475.647,34.537,105,0,0,0,0
1777751475.759,34.649,119,0,0,0,0
1777751475.856,34.745,131,0,0,0,0
1777751475.968,34.857,126,0,0,0,0
1777751476.064,34.953,526,0,0,0,0
1777751476.177,35.066,611,0,0,0,0
1777751476.271,35.161,624,0,0,0,0
1777751476.384,35.273,622,0,0,0,0
1777751476.495,35.385,604,0,0,0,0
1777751476.592,35.481,521,0,0,0,0
1777751476.704,35.593,314,0,0,0,0
1777751476.800,35.689,228,0,0,0,0
1777751476.912,35.802,433,0,0,0,0
1777751477.007,35.897,585,0,0,0,0
1777751477.118,36.008,631,0,0,0,0
1777751477.230,36.120,628,0,0,0,0
1777751477.325,36.216,604,0,0,0,0
1777751477.438,36.328,507,0,0,0,0
1777751477.540,36.427,543,0,0,0,0
1777751477.648,36.536,618,0,0,0,0
1777751477.758,36.648,629,0,0,0,0
1777751477.855,36.744,616,0,0,0,0
1777751477.965,36.855,592,0,0,0,0
1777751478.064,36.952,444,0,0,0,0
1777751478.211,37.064,521,0,0,0,0
1777751478.270,37.161,579,0,0,0,0
1777751478.380,37.271,566,0,0,0,0
1777751478.476,37.367,347,0,0,0,0
1777751478.588,37.479,291,0,0,0,0
1777751478.700,37.591,603,0,0,0,0
1777751478.796,37.686,637,0,0,0,0
1777751478.908,37.798,636,0,0,0,0
1777751479.004,37.894,604,0,0,0,0
1777751479.116,38.006,586,0,0,0,0
1777751479.233,38.102,626,0,0,0,0
1777751479.338,38.220,633,0,0,0,0
1777751479.440,38.331,631,0,0,0,0
1777751479.556,38.427,634,0,0,0,0
1777751479.660,38.539,628,0,0,0,0
1777751479.764,38.630,591,0,0,0,0
1777751479.896,38.751,622,0,0,0,0
1777751480.013,38.862,638,0,0,0,0
1777751480.096,38.961,641,0,0,0,0
1777751480.208,39.075,652,0,0,0,0
1777751480.268,39.158,643,0,0,0,0
1777751480.406,39.284,627,0,0,0,0
1777751480.476,39.366,627,0,0,0,0
1777751480.587,39.478,604,0,0,0,0
1777751480.683,39.573,618,0,0,0,0
1777751480.795,39.685,624,0,0,0,0
1777751480.909,39.797,615,0,0,0,0
1777751481.002,39.893,618,0,0,0,0
1777751481.116,40.006,618,0,0,0,0
1777751481.210,40.101,622,0,0,0,0
1777751481.323,40.213,628,0,0,0,0
1777751481.434,40.324,628,0,0,0,0
1777751481.530,40.420,629,0,0,0,0
1777751481.642,40.532,634,0,0,0,0
1777751481.742,40.632,636,0,0,0,0
1777751481.850,40.740,631,0,0,0,0
1777751481.979,40.844,265,0,0,0,0
1777751482.081,40.957,472,0,0,0,0
1777751482.192,41.068,534,0,0,0,0
1777751482.299,41.164,305,0,0,0,0
1777751482.396,41.269,184,0,0,0,0
1777751482.502,41.367,140,0,0,0,0
1777751482.623,41.486,123,0,0,0,0
1777751482.731,41.583,109,0,0,0,0
1777751482.853,41.700,107,0,0,0,0
1777751482.889,41.780,101,0,0,0,0
1777751483.036,41.911,99,0,0,0,0
1777751483.161,42.020,99,0,0,0,0
1777751483.209,42.099,118,0,0,0,0
1777751483.320,42.211,98,0,0,0,0
1777751483.426,42.316,95,0,0,0,0
1777751483.528,42.419,95,0,0,0,0
1777751483.625,42.515,97,0,0,0,0
1777751483.736,42.627,94,0,0,0,0
1777751483.848,42.739,90,0,0,0,0
1777751483.944,42.835,94,0,0,0,0
1777751484.056,42.947,92,0,0,0,0
1777751484.155,43.043,87,0,0,0,0
1777751484.267,43.155,90,0,0,0,0
1777751484.378,43.266,90,0,0,0,0
1777751484.474,43.363,91,0,0,0,0
1777751484.585,43.475,89,0,0,0,0
1777751484.681,43.571,79,0,0,0,0
1777751484.792,43.682,89,0,0,0,0
1777751484.894,43.778,91,0,0,0,0
1777751485.002,43.890,90,0,0,0,0
1777751485.112,44.002,102,0,0,0,0
1777751485.210,44.098,89,0,0,0,0
1777751485.325,44.210,89,0,0,0,0
1777751485.421,44.306,85,0,0,0,0
1777751485.528,44.418,100,0,0,0,0
1777751485.627,44.514,87,0,0,0,0
1777751485.736,44.626,90,0,0,0,0
1777751485.849,44.737,90,0,0,0,0
1777751485.944,44.833,90,0,0,0,0
1777751486.055,44.945,91,0,0,0,0
1777751486.153,45.042,90,0,0,0,0
1777751486.264,45.153,90,0,0,0,0
1777751486.362,45.249,89,0,0,0,0
1777751486.471,45.361,89,0,0,0,0
1777751486.568,45.457,88,0,0,0,0
1777751486.679,45.569,89,0,0,0,0
1777751486.791,45.681,89,0,0,0,0
1777751486.888,45.777,88,0,0,0,0
1777751486.998,45.888,85,0,0,0,0
1777751487.095,45.985,84,0,0,0,0
1777751487.207,46.097,86,0,0,0,0
1777751487.319,46.208,92,0,0,0,0
1777751487.417,46.305,114,0,0,0,0
1777751487.530,46.416,508,0,0,0,0
1777751487.624,46.513,596,0,0,0,0
1777751487.735,46.624,615,0,0,0,0
1777751487.830,46.720,620,0,0,0,0
1777751487.943,46.832,623,0,0,0,0
1777751488.054,46.944,626,0,0,0,0
1777751488.156,47.044,623,0,0,0,0
1777751488.263,47.152,623,0,0,0,0
1777751488.359,47.248,623,0,0,0,0
1777751488.471,47.360,632,0,0,0,0
1777751488.581,47.471,642,0,0,0,0
1777751488.678,47.568,629,0,0,0,0
1777751488.790,47.679,634,0,0,0,0
1777751488.886,47.775,617,0,0,0,0
1777751488.997,47.887,487,0,0,0,0
1777751489.094,47.984,490,0,0,0,0
1777751489.206,48.095,275,0,0,0,0
1777751489.302,48.192,507,0,0,0,0
1777751489.414,48.303,323,0,0,0,0
1777751489.525,48.415,486,0,0,0,0
1777751489.621,48.511,583,0,0,0,0
1777751489.733,48.623,475,0,0,0,0
1777751489.829,48.718,495,0,0,0,0
1777751489.942,48.831,386,0,0,0,0
1777751490.037,48.927,475,0,0,0,0
1777751490.147,49.038,349,0,0,0,0
1777751490.260,49.150,377,0,0,0,0
1777751490.356,49.246,179,0,0,0,0
1777751490.469,49.358,404,0,0,0,0
1777751490.566,49.455,179,0,0,0,0
1777751490.676,49.566,118,0,0,0,0
1777751490.788,49.678,108,0,0,0,0
1777751490.884,49.774,97,0,0,0,0
1777751490.996,49.886,89,0,0,0,0
1777751491.093,49.982,85,0,0,0,0
1777751491.205,50.094,92,0,0,0,0
1777751491.300,50.190,84,0,0,0,0
1777751491.412,50.302,80,0,0,0,0
1777751491.507,50.398,81,0,0,0,0
1777751491.620,50.510,74,0,0,0,0
1777751491.732,50.621,79,0,0,0,0
1777751491.828,50.717,78,0,0,0,0
1777751491.939,50.829,86,0,0,0,0
1777751492.036,50.925,94,0,0,0,0
1777751492.147,51.037,130,0,0,0,0
1777751492.259,51.149,118,0,0,0,0
1777751492.355,51.245,123,0,0,0,0
1777751492.468,51.358,146,0,0,0,0
1777751492.562,51.452,172,0,0,0,0
1777751492.674,51.564,114,0,0,0,0
1777751492.770,51.661,110,0,0,0,0
1777751492.882,51.772,109,0,0,0,0
1777751492.978,51.868,132,0,0,0,0
1777751493.090,51.981,159,0,0,0,0
1777751493.202,52.092,520,0,0,0,0
1777751493.298,52.188,564,0,0,0,0
1777751493.410,52.300,546,0,0,0,0
1777751493.507,52.396,561,0,0,0,0
1777751493.618,52.508,523,0,0,0,0
1777751493.730,52.620,500,0,0,0,0
1777751493.826,52.716,520,0,0,0,0
1777751493.938,52.828,535,1,0,0,0
1777751494.035,52.924,580,0,0,0,0
1777751494.146,53.036,624,0,0,0,0
1777751494.242,53.132,633,0,0,0,0
1777751494.354,53.244,634,0,0,0,0
1777751494.466,53.355,612,0,0,0,0
1777751494.562,53.452,603,0,0,0,0
1777751494.675,53.564,578,0,0,0,0
1777751494.770,53.660,586,0,0,0,0
1777751494.883,53.771,602,0,0,0,0
1777751494.978,53.868,611,0,0,0,0
1777751495.089,53.979,613,0,0,0,0
1777751495.201,54.091,626,0,0,0,0
1777751495.297,54.187,637,0,0,0,0
1777751495.409,54.299,640,0,0,0,0
1777751495.506,54.395,650,0,0,0,0
1777751495.617,54.506,639,0,0,0,0
1777751495.713,54.603,635,0,0,0,0
1777751495.825,54.715,629,0,0,0,0
1777751495.936,54.826,624,0,0,0,0
1777751496.035,54.925,620,0,0,0,0
1777751496.144,55.034,622,0,0,0,0
1777751496.246,55.134,624,0,0,0,0
1777751496.352,55.242,630,0,0,0,0
1777751496.449,55.339,640,0,0,0,0
1777751496.560,55.450,657,0,0,0,0
1777751496.673,55.562,666,0,0,0,0
1777751496.771,55.659,672,0,0,0,0
1777751496.880,55.770,669,0,0,0,0
1777751496.976,55.866,679,0,0,0,0
1777751497.088,55.978,659,0,0,0,0
1777751497.185,56.074,627,0,0,0,0
1777751497.297,56.186,594,0,0,0,0
1777751497.409,56.298,584,0,0,0,0
1777751497.505,56.394,588,0,0,0,0
1777751497.616,56.506,590,0,0,0,0
1777751497.711,56.601,592,0,0,0,0
1777751497.823,56.713,595,0,0,0,0
1777751497.920,56.810,594,0,0,0,0
1777751498.031,56.921,597,0,0,0,0
1777751498.142,57.033,598,0,0,0,0
1777751498.239,57.129,597,0,0,0,0
1777751498.351,57.241,595,0,0,0,0
1777751498.446,57.337,596,0,0,0,0
1777751498.559,57.449,593,0,0,0,0
1777751498.655,57.545,590,0,0,0,0
1777751498.766,57.656,585,0,0,0,0
1777751498.878,57.768,582,0,0,0,0
1777751498.974,57.864,580,0,0,0,0
1777751499.086,57.976,579,0,0,0,0
1777751499.182,58.072,580,0,0,0,0
1777751499.294,58.184,580,0,0,0,0
1777751499.398,58.288,581,0,0,0,0
1777751499.502,58.392,578,0,0,0,0
1777751499.613,58.504,477,0,0,0,0
1777751499.710,58.600,215,0,0,0,0
1777751499.822,58.712,140,0,0,0,0
1777751499.917,58.808,131,0,0,0,0
1777751500.029,58.919,617,0,0,0,0
1777751500.141,59.031,482,0,0,0,0
1777751500.240,59.128,175,0,0,0,0
1777751500.350,59.239,437,0,0,0,0
1777751500.445,59.335,545,0,0,0,0
1777751500.557,59.447,180,0,0,0,0
1777751500.653,59.543,440,0,0,0,0
1777751500.765,59.655,580,0,0,0,0
1777751500.862,59.751,182,0,0,0,0
1777751500.973,59.863,556,0,0,0,0
1777751501.085,59.975,605,0,0,0,0
1777751501.181,60.071,224,0,0,0,0
1777751501.292,60.183,556,0,0,0,0
1777751501.389,60.279,326,0,0,0,0
1777751501.500,60.390,173,0,0,0,0
1777751501.596,60.487,205,0,0,0,0
1777751501.708,60.598,364,0,0,0,0
1777751501.820,60.710,166,0,0,0,0
1777751501.916,60.806,135,0,0,0,0
1777751502.028,60.918,520,0,0,0,0
1777751502.124,61.014,593,0,0,0,0
1777751502.236,61.126,589,0,0,0,0
1777751502.347,61.238,583,0,0,0,0
1777751502.443,61.334,593,0,0,0,0
1777751502.555,61.445,602,0,0,0,0
1777751502.652,61.542,596,0,0,0,0
1777751502.763,61.653,554,0,0,0,0
1777751502.859,61.750,563,0,0,0,0
1777751502.971,61.861,574,0,0,0,0
1777751503.067,61.958,602,0,0,0,0
1777751503.179,62.069,609,0,0,0,0
1777751503.291,62.181,619,0,0,0,0
1777751503.387,62.277,612,0,0,0,0
1777751503.499,62.389,583,0,0,0,0
1777751503.598,62.486,547,0,0,0,0
1777751503.707,62.597,521,0,0,0,0
1777751503.818,62.709,579,0,0,0,0
1777751503.915,62.805,616,0,0,0,0
1777751504.027,62.917,612,0,0,0,0
1777751504.122,63.013,613,0,0,0,0
1777751504.234,63.124,609,0,0,0,0
1777751504.331,63.221,611,0,0,0,0
1777751504.443,63.332,611,0,0,0,0
1777751504.554,63.444,610,0,0,0,0
1777751504.650,63.540,610,0,0,0,0
1777751504.762,63.652,610,0,0,0,0
1777751504.859,63.748,609,0,0,0,0
1777751504.970,63.860,610,0,0,0,0
1777751505.066,63.956,614,0,0,0,0
1777751505.178,64.068,558,0,0,0,0
1777751505.274,64.164,619,0,0,0,0
1777751505.386,64.276,621,0,0,0,0
1777751505.497,64.387,626,0,0,0,0
1777751505.596,64.484,629,0,0,0,0
1777751505.705,64.595,612,0,0,0,0
1777751505.801,64.691,628,0,0,0,0
1777751505.914,64.803,632,0,0,0,0
1777751506.025,64.915,620,0,0,0,0
1777751506.121,65.011,637,0,0,0,0
1777751506.232,65.123,616,0,0,0,0
1777751506.329,65.219,635,0,0,0,0
1777751506.441,65.331,626,0,0,0,0
1777751506.540,65.427,636,0,0,0,0
1777751506.648,65.539,622,0,0,0,0
1777751506.760,65.650,634,0,0,0,0
1777751506.856,65.747,622,0,0,0,0
1777751506.968,65.858,634,0,0,0,0
1777751507.065,65.954,626,0,0,0,0
1777751507.176,66.066,637,0,0,0,0
1777751507.272,66.162,630,0,0,0,0
1777751507.384,66.274,632,0,0,0,0
1777751507.496,66.386,633,1,0,0,0
1777751507.596,66.483,628,0,0,0,0
1777751507.703,66.594,636,0,0,0,0
1777751507.799,66.690,624,0,0,0,0
1777751507.912,66.802,623,0,0,0,0
1777751508.008,66.898,624,0,0,0,0
1777751508.119,67.010,622,0,0,0,0
1777751508.231,67.121,620,0,0,0,0
1777751508.327,67.217,614,0,0,0,0
1777751508.439,67.329,595,0,0,0,0
1777751508.535,67.425,578,0,0,0,0
1777751508.647,67.537,562,0,0,0,0
1777751508.743,67.633,559,0,0,0,0
1777751508.855,67.745,546,0,0,0,0
1777751508.972,67.862,540,0,0,0,0
1777751509.081,67.968,534,0,0,0,0
1777751509.174,68.064,533,0,0,0,0
1777751509.270,68.161,528,0,0,0,0
1777751509.383,68.272,531,0,0,0,0
1777751509.481,68.371,531,0,0,0,0
1777751509.590,68.480,531,0,0,0,0
1777751509.702,68.592,529,0,0,0,0
1777751509.800,68.691,599,0,0,0,0
1777751509.910,68.800,620,0,0,0,0
1777751510.006,68.896,595,0,0,0,0
1777751510.117,69.008,614,0,0,0,0
1777751510.214,69.104,596,0,0,0,0
1777751510.326,69.216,627,0,0,0,0
1777751510.437,69.328,619,0,0,0,0
1777751510.534,69.424,626,0,0,0,0
1777751510.645,69.535,629,0,0,0,0
1777751510.741,69.631,619,0,0,0,0
1777751510.942,69.752,633,0,0,0,0
1777751511.030,69.871,617,0,0,0,0
1777751511.116,69.956,633,0,0,0,0
1777751511.232,70.072,600,0,0,0,0
1777751511.323,70.165,645,0,0,0,0
1777751511.427,70.273,624,0,0,0,0
1777751511.542,70.373,645,0,0,0,0
1777751511.642,70.490,633,0,0,0,0
1777751511.757,70.586,638,0,0,0,0
1777751511.865,70.696,647,0,0,0,0
1777751511.958,70.800,602,0,0,0,0
1777751512.071,70.916,620,0,0,0,0
1777751512.180,71.008,644,0,0,0,0
1777751512.281,71.120,651,0,0,0,0
1777751512.383,71.224,647,0,0,0,0
1777751512.420,71.310,615,0,0,0,0
1777751512.533,71.422,607,0,0,0,0
1777751512.644,71.534,261,0,0,0,0
1777751512.803,71.645,122,0,0,0,0
1777751512.851,71.742,98,0,0,0,0
1777751512.965,71.841,73,0,0,0,0
1777751513.079,71.955,589,0,0,0,0
1777751513.187,72.061,625,0,0,0,0
1777751513.300,72.163,633,0,0,0,0
1777751513.409,72.273,633,0,0,0,0
1777751513.522,72.385,620,0,0,0,0
1777751513.631,72.495,408,0,0,0,0
1777751513.736,72.584,187,0,0,0,0
1777751513.836,72.703,151,0,0,0,0
1777751513.944,72.793,484,0,0,0,0
1777751514.049,72.897,614,0,0,0,0
1777751514.176,73.008,626,0,0,0,0
1777751514.278,73.109,627,0,0,0,0
1777751514.378,73.226,627,0,0,0,0
1777751514.487,73.319,632,0,0,0,0
1777751514.587,73.431,635,0,0,0,0
1777751514.694,73.541,642,0,0,0,0
1777751514.812,73.646,683,0,0,0,0
1777751514.915,73.754,652,0,0,0,0
1777751515.014,73.854,648,0,0,0,0
1777751515.118,73.960,675,0,0,0,0
1777751515.154,74.044,639,0,0,0,0
1777751515.266,74.156,640,0,0,0,0
1777751515.377,74.268,458,0,0,0,0
1777751515.477,74.367,211,0,0,0,0
1777751515.586,74.476,316,0,0,0,0
1777751515.692,74.582,270,0,0,0,0
1777751515.810,74.686,305,0,0,0,0
1777751515.914,74.790,279,0,0,0,0
1777751516.020,74.896,217,0,0,0,0
1777751516.138,75.005,148,0,0,0,0
1777751516.245,75.113,96,0,0,0,0
1777751516.356,75.222,99,0,0,0,0
1777751516.453,75.328,581,0,0,0,0
1777751516.562,75.430,619,0,0,0,0
1777751516.681,75.546,623,0,0,0,0
1777751516.799,75.646,626,0,0,0,0
1777751516.900,75.749,629,0,0,0,0
1777751517.007,75.839,628,0,0,0,0
1777751517.100,75.947,638,0,0,0,0
1777751517.229,76.058,629,0,0,0,0
1777751517.319,76.162,621,0,0,0,0
1777751517.421,76.261,626,0,0,0,0
1777751517.529,76.369,625,0,0,0,0
1777751517.648,76.477,624,0,0,0,0
1777751517.747,76.586,623,0,0,0,0
1777751517.858,76.682,620,0,0,0,0
1777751517.953,76.786,611,0,0,0,0
1777751518.475,76.890,619,0,0,0,0
1777751518.477,76.986,619,0,0,0,0
1777751518.479,77.099,617,0,0,0,0
1777751518.481,77.210,616,0,0,0,0
1777751635.898,2.590,0,0,0,0,0
1777751635.913,2.606,0,0,0,0,0
1777751637.896,4.589,105,0,4163,4163,0
1777751638.035,4.685,108,0,6976,6976,0
1777751638.104,4.796,108,0,6848,0,0
1777751638.200,4.893,106,0,7168,7168,0
1777751638.312,5.004,108,0,6784,0,0
1777751638.409,5.101,109,0,5696,0,0
1777751638.520,5.212,108,0,10368,10368,0
1777751638.616,5.309,109,0,6592,0,0
1777751638.727,5.420,108,0,4992,0,0
1777751638.840,5.532,109,0,4736,4736,0
1777751638.935,5.628,109,0,8064,0,0
1777751639.048,5.740,109,0,3296,3296,0
1777751639.143,5.836,108,0,8320,0,0
1777751639.255,5.948,111,0,3808,0,0
1777751639.367,6.060,109,0,6016,6016,0
1777751639.463,6.156,109,0,6528,0,0
1777751639.575,6.268,109,0,4064,4064,0
1777751639.672,6.364,109,0,5696,0,0
1777751639.783,6.475,109,0,11392,0,0
1777751639.895,6.587,108,0,4000,4000,0
1777751639.992,6.683,109,0,8128,0,0
1777751640.102,6.795,109,0,6592,6592,0
1777751640.198,6.891,109,0,6144,0,0
1777751640.310,7.003,109,0,13696,0,0
1777751640.407,7.099,108,0,3680,3680,0
1777751640.518,7.211,116,0,12416,0,0
1777751640.617,7.308,109,0,6976,0,0
1777751640.727,7.419,110,0,7872,7872,0
1777751640.822,7.515,109,0,7744,0,0
1777751640.934,7.627,108,0,8448,8448,0
1777751641.046,7.738,110,0,3904,0,0
1777751641.142,7.835,108,0,11008,0,0
1777751641.254,7.946,109,0,5376,5376,0
1777751641.350,8.042,108,0,4800,0,0
1777751641.461,8.154,109,0,5632,0,0
1777751641.573,8.266,105,0,180,180,0
1777751641.669,8.362,102,0,164,0,0
1777751641.781,8.474,99,0,123,123,0
1777751641.877,8.570,96,0,64,0,0
1777751641.989,8.682,89,0,25,25,0
1777751642.085,8.778,85,0,12,0,0
1777751642.197,8.890,86,0,234,234,0
1777751642.293,8.986,94,0,46,0,0
1777751642.405,9.098,101,0,840,0,0
1777751642.517,9.209,108,0,2720,2720,0
1777751642.614,9.306,116,0,2016,0,0
1777751642.725,9.417,120,0,8832,8832,0
1777751642.821,9.513,122,0,12928,0,0
1777751642.932,9.625,123,0,18944,0,0
1777751643.044,9.737,125,0,-13824,-13824,0
1777751643.142,9.833,128,0,23296,0,0
1777751643.255,9.945,125,0,8960,0,0
1777751643.367,10.057,125,0,15616,15616,0
1777751643.461,10.152,126,0,32256,0,0
1777751643.572,10.265,126,0,25856,25856,0
1777751643.667,10.360,126,0,-31744,0,0
1777751643.781,10.472,120,0,18176,0,0
1777751643.878,10.569,126,0,20736,20736,0
1777751643.991,10.681,125,0,22528,0,0
1777751644.084,10.776,126,0,-28672,0,0
1777751644.195,10.888,128,0,24576,24576,0
1777751644.291,10.984,126,0,-32256,0,0
1777751644.403,11.096,126,0,27136,0,0
1777751644.516,11.209,126,0,24832,24832,0
1777751644.611,11.304,126,0,-30208,0,0
1777751644.732,11.416,126,0,-23552,-23552,0
1777751644.821,11.512,126,0,29184,0,0
1777751644.946,11.624,126,0,28416,0,0
1777751645.058,11.735,127,0,24320,24320,0
1777751645.139,11.831,125,0,28928,0,0
1777751645.250,11.943,126,0,25344,0,0
1777751645.346,12.039,129,0,27648,27648,0
1777751645.458,12.151,126,0,26112,0,0
1777751645.555,12.247,126,0,-30720,0,0
1777751645.667,12.359,125,0,-22528,-22528,0
1777751645.778,12.471,126,0,-25088,0,0
1777751645.874,12.567,126,0,25856,0,0
1777751645.987,12.679,126,0,29184,29184,0
1777751646.084,12.776,127,0,-27136,0,0
1777751646.455,12.887,127,0,-32256,-32256,0
1777751646.458,12.982,128,0,-17408,0,0
1777751646.458,13.094,126,0,32000,0,0
1777751646.513,13.206,127,0,23552,23552,0
1777751646.610,13.303,126,0,22272,0,0
1777751646.723,13.414,127,0,-20480,0,0
1777751646.819,13.511,127,0,25088,25088,0
1777751646.930,13.622,126,0,-27648,0,0
1777751647.027,13.719,127,0,28416,0,0
1777751647.139,13.831,130,0,32000,32000,0
1777751647.234,13.926,127,0,26112,0,0
1777751647.350,14.038,125,0,-30720,0,0
1777751647.458,14.150,127,0,30208,30208,0
1777751647.553,14.246,128,0,-18944,0,0
1777751647.666,14.358,127,0,30464,0,0
1777751647.778,14.470,126,0,-5120,-5120,0
1777751647.873,14.566,127,0,-24576,0,0
1777751647.985,14.677,127,0,32256,32256,0
1777751648.088,14.776,127,0,29696,0,0
1777751648.192,14.885,127,0,27648,0,0
1777751648.304,14.997,127,0,28160,28160,0
1777751648.400,15.093,127,0,26880,0,0
1777751648.498,15.189,127,0,29440,0,0
1777751648.609,15.301,127,0,30208,30208,0
1777751648.705,15.397,134,0,29184,0,0
1777751648.817,15.509,127,0,32512,0,0
1777751648.928,15.621,127,0,29696,29696,0
1777751649.024,15.717,127,0,25600,0,0
1777751649.136,15.828,127,0,-25600,-25600,0
1777751649.232,15.925,125,0,29440,0,0
1777751649.344,16.036,126,0,-26624,0,0
1777751649.456,16.148,127,0,32512,32512,0
1777751649.551,16.244,127,0,21504,0,0
1777751649.667,16.357,127,0,-28672,0,0
1777751649.777,16.468,127,0,-4096,-4096,0
1777751649.871,16.564,126,0,-24576,0,0
1777751649.967,16.660,126,0,-22528,0,0
1777751650.079,16.772,128,0,28928,28928,0
1777751650.191,16.883,127,0,31232,0,0
1777751650.287,16.980,126,0,30976,30976,0
1777751650.399,17.091,125,0,-16384,0,0
1777751650.495,17.188,127,0,-9728,0,0
1777751650.610,17.300,134,0,31488,31488,0
1777751650.703,17.395,126,0,24320,0,0
1777751650.815,17.507,127,0,-29184,0,0
1777751650.926,17.619,126,0,-18944,-18944,0
1777751651.022,17.715,128,0,-31744,0,0
1777751651.365,17.827,128,0,-29184,0,0
1777751651.366,17.939,127,0,-27136,-27136,0
1777751651.367,18.035,127,0,-23552,0,0
1777751651.438,18.131,125,0,-22016,0,0
1777751651.554,18.244,130,0,-26624,-26624,0
1777751651.662,18.354,125,0,-21504,0,0
1777751651.774,18.467,127,0,-19968,-19968,0
1777751651.870,18.562,128,0,-19456,0,0
1777751651.967,18.659,127,0,31488,0,0
1777751652.077,18.770,127,0,-23040,-23040,0
1777751652.173,18.866,125,0,28672,0,0
1777751652.285,18.978,127,0,-13824,0,0
1777751652.397,19.090,125,0,-32256,-32256,0
1777751652.493,19.186,124,0,-28160,0,0
1777751652.605,19.298,128,0,-15872,0,0
1777751652.717,19.410,122,0,-6656,-6656,0
1777751652.813,19.506,128,0,-31232,0,0
1777751652.909,19.602,127,0,-17920,0,0
1777751653.021,19.714,127,0,29952,29952,0
1777751653.133,19.826,127,0,-18432,0,0
1777751653.229,19.921,127,0,-22016,0,0
1777751653.340,20.033,127,0,-20480,-20480,0
1777751653.437,20.129,126,0,27648,0,0
1777751653.548,20.241,124,0,14720,14720,0
1777751653.645,20.337,122,0,7872,0,0
1777751653.756,20.449,121,0,25088,0,0
1777751653.868,20.561,122,0,26880,26880,0
1777751653.964,20.657,119,0,-12288,0,0
1777751654.076,20.769,124,0,-7680,0,0
1777751654.174,20.865,122,0,9088,9088,0
1777751654.284,20.977,118,0,27136,0,0
1777751654.380,21.073,118,0,16896,0,0
1777751654.492,21.185,118,0,30208,30208,0
1777751654.588,21.281,115,0,5184,0,0
1777751654.700,21.393,114,0,6976,6976,0
1777751654.812,21.504,112,0,9984,0,0
1777751654.908,21.600,112,0,6784,0,0
1777751655.019,21.712,111,0,3648,3648,0
1777751655.116,21.809,110,0,4096,0,0
1777751655.228,21.920,110,0,2976,2976,0
1777751655.341,22.032,109,0,3712,0,0
1777751655.435,22.128,108,0,5184,0,0
1777751655.547,22.240,106,0,3904,3904,0
1777751655.645,22.336,105,0,1568,0,0
1777751655.755,22.448,105,0,1824,0,0
1777751655.867,22.560,105,0,5824,5824,0
1777751655.963,22.656,105,0,1968,0,0
1777751656.075,22.768,104,0,4160,4160,0
1777751656.174,22.864,105,0,6528,0,0
1777751656.286,22.975,100,0,13312,0,0
1777751656.379,23.072,95,0,8192,8192,0
1777751656.491,23.183,85,0,14464,0,0
1777751656.603,23.296,84,0,-18944,-18944,0
1777751656.700,23.391,91,0,15104,0,0
1777751656.795,23.488,96,0,29696,0,0
1777751656.910,23.600,100,0,31232,31232,0
1777751657.021,23.712,105,0,25344,0,0
1777751657.116,23.807,107,0,16384,0,0
1777751657.226,23.919,113,0,7488,7488,0
1777751657.322,24.015,111,0,6784,0,0
1777751657.434,24.127,112,0,5952,5952,0
1777751657.548,24.239,113,0,1136,0,0
1777751657.642,24.335,111,0,1424,0,0
1777751657.755,24.447,111,0,1008,1008,0
1777751657.850,24.543,109,0,936,0,0
1777751657.965,24.656,112,0,1008,1008,0
1777751658.058,24.751,110,0,856,0,0
1777751658.170,24.862,111,0,1344,0,0
1777751658.266,24.959,107,0,35,35,0
1777751658.378,25.070,107,0,768,0,0
1777751658.489,25.182,108,0,432,432,0
1777751658.586,25.279,111,0,488,0,0
1777751658.698,25.390,112,0,1312,0,0
1777751658.797,25.488,111,0,632,632,0
1777751658.909,25.598,106,0,444,0,0
1777751659.017,25.710,102,0,160,160,0
1777751659.116,25.806,100,0,640,0,0
1777751659.225,25.918,101,0,360,360,0
1777751659.321,26.014,101,0,140,0,0
1777751659.434,26.126,101,0,24,0,0
1777751659.532,26.222,98,0,256,256,0
1777751659.641,26.334,101,0,376,0,0
1777751659.753,26.446,102,0,680,680,0
1777751659.849,26.542,100,0,64,0,0
1777751659.961,26.653,101,0,1504,1504,0
1777751660.057,26.750,99,0,1584,0,0
1777751660.169,26.861,92,0,784,0,0
1777751660.280,26.973,94,0,1984,1984,0
1777751660.377,27.070,97,0,4000,0,0
1777751660.489,27.181,97,0,7936,7936,0
1777751660.586,27.278,99,0,10368,0,0
1777751660.697,27.389,99,0,4288,0,0
1777751660.808,27.501,97,0,17664,17664,0
1777751660.905,27.597,99,0,5568,0,0
1777751661.016,27.709,108,0,2080,2080,0
1777751661.112,27.805,109,0,784,0,0
1777751661.209,27.902,109,0,436,0,0
1777751661.321,28.013,109,0,1184,1184,0
1777751661.433,28.125,108,0,292,0,0
1777758002.565,1.050,0,0,0,0,0
1777758193.566,0.057,0,0,0,0,0
1777758194.624,1.115,0,0,0,0,0
1777758196.130,2.620,0,0,0,0,0
1777758196.206,2.695,0,0,0,0,0
1777758198.220,4.705,4,0,0,0,0
1777758198.377,4.869,0,0,0,0,0
1777758198.378,4.869,4,0,0,0,0
1777758198.547,5.026,5,0,0,0,0
1777758198.548,5.026,46,0,0,0,0
1777758198.811,5.302,5,0,0,0,0
1777758262.789,1.094,0,0,0,0,0
1777758264.402,2.707,0,0,0,0,0
1777758264.403,2.707,0,0,0,0,0
1777758266.304,4.608,821,0,0,0,0
1777758266.430,4.735,822,0,0,0,0
1777758266.507,4.812,821,0,0,0,0
1777758266.628,4.934,823,0,0,0,0
1777758266.747,5.053,821,0,0,0,0
1777758266.808,5.113,822,0,0,0,0
1777758266.957,5.257,822,0,0,0,0
1777758267.011,5.315,821,0,0,0,0
1777758267.121,5.426,821,0,0,0,0
1777758267.241,5.546,823,0,0,0,0
1777758267.374,5.680,821,0,0,0,0
1777758267.500,5.805,821,0,0,0,0
1777758267.568,5.874,820,0,0,0,0
1777758267.654,5.959,821,0,0,0,0
1777758267.795,6.101,821,0,0,0,0
1777758267.878,6.182,821,0,0,0,0
1777758267.991,6.296,821,0,0,0,0
1777758268.157,6.462,820,0,0,0,0
1777758268.206,6.511,821,0,0,0,0
1777758268.322,6.628,826,0,0,0,0
1777758268.441,6.746,818,0,0,0,0
1777758268.502,6.807,759,0,0,0,0
1777758268.645,6.950,413,0,0,0,0
1777758268.749,7.055,156,0,0,0,0
1777758268.819,7.120,106,0,0,0,0
1777758268.936,7.240,81,0,0,0,0
1777758269.103,7.408,65,0,0,0,0
1777758269.154,7.460,60,0,0,0,0
1777758269.241,7.546,58,0,0,0,0
1777758269.512,7.818,50,0,0,0,0
1777758269.514,7.818,46,0,0,0,0
1777758269.570,7.875,413,0,0,0,0
1777758269.643,7.948,798,0,0,0,0
1777758269.774,8.080,858,0,0,0,0
1777758269.883,8.189,853,0,0,0,0
1777758270.035,8.340,848,0,0,0,0
1777758270.173,8.478,838,0,0,0,0
1777758270.174,8.478,845,0,0,0,0
1777758270.335,8.638,848,0,0,0,0
1777758270.545,8.851,849,0,0,0,0
1777758270.547,8.851,848,0,0,0,0
1777758270.694,9.000,846,0,0,0,0
1777758270.695,9.000,847,0,0,0,0
1777758270.846,9.151,847,0,0,0,0
1777758271.373,9.679,846,0,0,0,0
1777758271.374,9.679,847,0,0,0,0
1777758271.374,9.679,846,0,0,0,0
1777758271.375,9.679,847,0,0,0,0
1777758271.524,9.829,847,0,0,0,0
1777758271.525,9.829,846,0,0,0,0
1777758271.693,9.978,846,0,0,0,0
1777758271.694,9.978,837,0,0,0,0
1777758271.840,10.126,720,0,0,0,0
1777758272.376,10.682,353,0,0,0,0
1777758272.378,10.682,157,0,0,0,0
1777758272.379,10.682,109,0,0,0,0
1777758272.380,10.682,84,0,0,0,0
1777758272.381,10.682,71,0,0,0,0
1777758272.533,10.838,66,0,0,0,0
1777758272.534,10.838,70,0,0,0,0
1777758272.688,10.993,622,0,0,0,0
1777758272.689,10.993,839,0,0,0,0
1777758272.838,11.144,860,0,0,0,0
1777758273.069,11.375,858,0,0,0,0
1777758273.071,11.375,853,0,0,0,0
1777758273.228,11.534,853,0,0,0,0
1777758273.386,11.680,854,0,0,0,0
1777758273.387,11.680,857,0,0,0,0
1777758273.663,11.969,858,0,0,0,0
1777758273.664,11.969,857,0,0,0,0
1777758273.665,11.969,844,0,0,0,0
1777758273.817,12.122,858,0,0,0,0
1777758274.257,12.563,853,0,0,0,0
1777758274.258,12.563,841,0,0,0,0
1777758274.259,12.563,740,0,0,0,0
1777758274.434,12.739,432,0,0,0,0
1777758274.435,12.739,149,0,0,0,0
1777758274.436,12.739,111,0,0,0,0
1777758275.151,13.456,75,0,0,0,0
1777758275.153,13.456,57,0,0,0,0
1777758275.154,13.456,58,0,0,0,0
1777758275.155,13.456,51,0,0,0,0
1777758275.156,13.456,89,0,0,0,0
1777758275.157,13.457,54,0,0,0,0
1777758275.332,13.638,92,0,0,0,0
1777758275.334,13.638,554,0,0,0,0
1777758275.335,13.638,569,0,0,0,0
1777758276.205,14.510,484,0,0,0,0
1777758276.207,14.511,373,0,0,0,0
1777758276.208,14.511,276,0,0,0,0
1777758276.209,14.511,214,0,0,0,0
1777758276.211,14.511,134,0,0,0,0
1777758276.212,14.511,125,0,0,0,0
1777758276.213,14.511,105,0,0,0,0
1777758276.214,14.511,79,0,0,0,0
1777758276.331,14.625,86,0,0,0,0
1777758277.437,15.742,58,0,0,0,0
1777758277.438,15.743,42,0,0,0,0
1777758277.439,15.743,41,0,0,0,0
1777758277.440,15.743,36,0,0,0,0
1777758277.440,15.743,28,0,0,0,0
1777758277.441,15.743,25,0,0,0,0
1777758277.442,15.743,24,0,0,0,0
1777758277.443,15.743,27,0,0,0,0
1777758277.445,15.743,14,0,0,0,0
1777758277.446,15.743,15,0,0,0,0
1777758277.655,15.960,17,0,0,0,0
1777758277.656,15.960,18,0,0,0,0
1777758277.656,15.960,16,0,0,0,0
1777758277.777,16.082,21,0,0,0,0
1777758277.935,16.219,14,0,0,0,0
1777758278.156,16.461,13,0,0,0,0
1777758278.157,16.461,33,0,0,0,0
1777758278.157,16.461,9,0,0,0,0
1777758278.324,16.630,17,0,0,0,0
1777758278.436,16.695,12,0,0,0,0
1777758278.811,17.116,12,0,0,0,0
1777758278.812,17.116,11,0,0,0,0
1777758278.978,17.269,10,0,0,0,0
1777758278.979,17.269,11,0,0,0,0
1777758278.980,17.269,13,0,0,0,0
1777758279.253,17.556,16,0,0,0,0
1777758279.254,17.556,10,0,0,0,0
1777758279.395,17.651,10,0,0,0,0
1777758279.396,17.651,9,0,0,0,0
1777758279.524,17.791,9,0,0,0,0
1777758279.682,17.965,9,0,0,0,0
1777758279.683,17.965,17,0,0,0,0
1777758279.817,18.076,0,0,0,0,0
1777758279.936,18.189,8,0,0,0,0
1777758279.961,18.241,8,0,0,0,0
1777758280.159,18.464,7,0,0,0,0
1777758280.160,18.464,8,0,0,0,0
1777758280.337,18.631,11,0,0,0,0
1777758280.499,18.765,11,0,0,0,0
1777758280.607,18.865,6,0,0,0,0
1777758280.621,18.913,15,0,0,0,0
1777758280.785,19.066,8,0,0,0,0
1777758280.946,19.227,8,0,0,0,0
1777758280.947,19.227,8,0,0,0,0
1777758281.059,19.364,8,0,0,0,0
1777758281.221,19.526,14,0,0,0,0
1777758281.222,19.526,7,0,0,0,0
1777758281.381,19.643,7,0,0,0,0
1777758281.545,19.826,3,0,0,0,0
1777758281.545,19.826,5,0,0,0,0
1777758281.712,19.974,10,0,0,0,0
1777758281.818,20.123,6,0,0,0,0
1777758281.985,20.278,7,0,0,0,0
1777758281.986,20.278,45,0,0,0,0
1777758282.117,20.374,3,0,0,0,0
1777758282.263,20.569,0,0,0,0,0
1777758282.264,20.569,7,0,0,0,0
1777758282.424,20.729,7,0,0,0,0
1777758282.571,20.877,7,0,0,0,0
1777758282.572,20.877,7,0,0,0,0
1777758282.749,21.034,7,0,0,0,0
1777758282.786,21.091,3,0,0,0,0
1777758283.014,21.319,13,0,0,0,0
1777758283.015,21.319,7,0,0,0,0
1777758283.185,21.490,11,0,0,0,0
1777758283.340,21.626,0,0,0,0,0
1777758286.738,25.044,6,0,0,0,0
1777758286.740,25.044,10,0,0,0,0
1777758286.741,25.044,5,0,0,0,0
1777758286.742,25.044,0,0,0,0,0
1777758286.922,25.228,30,0,0,0,0
1777758287.071,25.377,12,0,0,0,0
1777758287.072,25.377,20,0,0,0,0
1777758287.190,25.495,7,0,0,0,0
1777758287.690,25.995,0,0,0,0,0
1777758287.691,25.995,9,0,0,0,0
1777758287.691,25.995,7,0,0,0,0
1777758287.692,25.995,7,0,0,0,0
1777758287.693,25.995,6,0,0,0,0
1777758288.224,26.529,7,0,0,0,0
1777758288.226,26.529,8,0,0,0,0
1777758288.227,26.529,6,0,0,0,0
1777758288.228,26.529,10,0,0,0,0
1777758288.230,26.529,3,0,0,0,0
1777758288.713,27.018,0,0,0,0,0
1777758288.714,27.018,41,0,0,0,0
1777758288.715,27.018,9,0,0,0,0
1777758288.716,27.018,0,0,0,0,0
1777758292.381,30.686,8,0,0,0,0
1777758292.383,30.686,0,0,0,0,0
1777758292.385,30.687,0,0,0,0,0
1777758292.386,30.687,5,0,0,0,0
1777758292.388,30.687,8,0,0,0,0
1777758292.389,30.687,13,0,0,0,0
1777758292.390,30.687,6,0,0,0,0
1777758292.391,30.687,6,0,0,0,0
1777758292.392,30.687,9,0,0,0,0
1777758292.392,30.687,23,0,0,0,0
1777758292.393,30.687,11,0,0,0,0
1777758292.394,30.687,9,0,0,0,0
1777758292.395,30.687,0,0,0,0,0
1777758292.395,30.687,8,0,0,0,0
1777758292.396,30.687,0,0,0,0,0
1777758292.435,30.740,44,0,0,0,0
1777758333.349,0.040,0,0,0,0,0
1777758334.561,1.254,0,0,0,0,0
1777758336.068,2.761,0,0,0,0,0
1777758336.070,2.761,0,0,0,0,0
1777758338.153,4.845,731,0,0,0,0
1777758338.155,4.845,723,0,0,0,0
1777758338.156,4.845,723,0,0,0,0
1777758338.255,4.948,726,0,0,0,0
1777758338.389,5.081,723,0,0,0,0
1777758338.446,5.139,724,0,0,0,0
1777758338.573,5.266,725,0,0,0,0
1777758338.627,5.320,728,0,0,0,0
1777758338.741,5.434,724,0,0,0,0
1777758338.984,5.677,725,0,0,0,0
1777758338.985,5.677,726,0,0,0,0
1777758339.108,5.801,725,0,0,0,0
1777758339.168,5.862,727,0,0,0,0
1777758339.495,6.188,725,0,0,0,0
1777758339.496,6.188,726,0,0,0,0
1777758339.497,6.188,724,0,0,0,0
1777758339.572,6.264,722,0,0,0,0
1777758339.697,6.389,727,0,0,0,0
1777758339.846,6.538,725,0,0,0,0
1777758339.905,6.597,724,0,0,0,0
1777758340.031,6.723,723,0,0,0,0
1777758340.153,6.846,719,0,0,0,0
1777758340.230,6.923,711,0,0,0,0
1777758340.332,7.024,723,0,0,0,0
1777758340.434,7.126,723,0,0,0,0
1777758340.557,7.250,723,0,0,0,0
1777758340.667,7.359,723,0,0,0,0
1777758340.791,7.483,723,0,0,0,0
1777758340.845,7.537,722,0,0,0,0
1777758340.965,7.658,724,0,0,0,0
1777758341.046,7.738,722,0,0,0,0
1777758341.179,7.871,723,0,0,0,0
1777758341.291,7.983,723,0,0,0,0
1777758341.404,8.096,723,0,0,0,0
1777758341.524,8.215,722,0,0,0,0
1777758341.569,8.262,739,0,0,0,0
1777758341.727,8.419,723,0,0,0,0
1777758341.837,8.529,721,0,0,0,0
1777758341.939,8.632,722,0,0,0,0
1777758341.990,8.682,720,0,0,0,0
1777758342.112,8.804,727,0,0,0,0
1777758342.255,8.948,722,0,0,0,0
1777758342.325,9.018,722,0,0,0,0
1777758342.437,9.129,730,0,0,0,0
1777758342.521,9.214,720,0,0,0,0
1777758342.636,9.328,722,0,0,0,0
1777758342.763,9.455,722,0,0,0,0
1777758342.919,9.611,722,0,0,0,0
1777758342.977,9.669,708,0,0,0,0
1777758343.141,9.833,554,0,0,0,0
1777758343.218,9.911,245,0,0,0,0
1777758343.271,9.963,128,0,0,0,0
1777758343.423,10.115,94,0,0,0,0
1777758343.476,10.168,76,0,0,0,0
1777758343.601,10.294,74,0,0,0,0
1777758343.747,10.440,52,0,0,0,0
1777758343.827,10.515,59,0,0,0,0
1777758343.938,10.630,260,0,0,0,0
1777758344.004,10.696,617,0,0,0,0
1777758344.133,10.825,663,0,0,0,0
1777758344.221,10.913,668,0,0,0,0
1777758344.366,11.059,675,0,0,0,0
1777758344.415,11.108,676,0,0,0,0
1777758344.546,11.238,660,0,0,0,0
1777758344.679,11.372,412,0,0,0,0
1777758344.728,11.421,156,0,0,0,0
1777758344.839,11.532,104,0,0,0,0
1777758344.966,11.657,82,0,0,0,0
1777758345.093,11.785,73,0,0,0,0
1777758345.147,11.839,67,0,0,0,0
1777758345.275,11.968,62,0,0,0,0
1777758345.403,12.096,58,0,0,0,0
1777758345.461,12.153,55,0,0,0,0
1777758345.573,12.266,49,0,0,0,0
1777758345.706,12.398,51,0,0,0,0
1777758345.813,12.505,51,0,0,0,0
1777758345.886,12.579,53,0,0,0,0
1777758346.043,12.735,16,0,0,0,0
1777758346.124,12.817,54,0,0,0,0
1777758346.248,12.940,49,0,0,0,0
1777758346.366,13.058,67,0,0,0,0
1777758346.428,13.119,86,0,0,0,0
1777758346.558,13.249,113,0,0,0,0
1777758346.611,13.304,107,0,0,0,0
1777758346.768,13.461,174,0,0,0,0
1777758346.826,13.518,188,0,0,0,0
1777758346.958,13.651,178,0,0,0,0
1777758347.084,13.773,179,0,0,0,0
1777758347.137,13.830,176,0,0,0,0
1777758347.319,14.010,183,0,0,0,0
1777758347.373,14.065,213,0,0,0,0
1777758347.510,14.203,234,0,0,0,0
1777758347.590,14.283,228,0,0,0,0
1777758347.751,14.442,238,0,0,0,0
1777758347.900,14.593,231,0,0,0,0
1777758347.902,14.593,263,0,0,0,0
1777758348.159,14.850,276,0,0,0,0
1777758348.214,14.907,291,0,0,0,0
1777758348.215,14.907,280,0,0,0,0
1777758348.416,15.109,265,0,0,0,0
1777758348.417,15.109,225,0,0,0,0
1777758348.560,15.253,239,0,0,0,0
1777758348.618,15.310,226,0,0,0,0
1777758348.753,15.445,368,0,0,0,0
1777758348.894,15.586,892,0,0,0,0
1777758349.147,15.840,890,0,0,0,0
1777758349.148,15.840,856,0,0,0,0
1777758349.148,15.840,830,0,0,0,0
1777758349.377,16.067,811,0,0,0,0
1777758349.378,16.068,803,0,0,0,0
1777758349.539,16.232,805,0,0,0,0
1777758349.617,16.310,836,0,0,0,0
1777758350.011,16.704,773,0,0,0,0
1777758350.318,17.011,300,0,0,0,0
1777758350.320,17.011,160,0,0,0,0
1777758350.321,17.011,120,0,0,0,0
1777758350.323,17.011,83,0,0,0,0
1777758351.283,17.974,78,0,0,0,0
1777758351.286,17.974,71,0,0,0,0
1777758351.288,17.974,77,0,0,0,0
1777758351.289,17.974,66,0,0,0,0
1777758351.290,17.974,61,0,0,0,0
1777758351.291,17.974,49,0,0,0,0
1777758351.291,17.975,62,0,0,0,0
1777758351.292,17.975,588,0,0,0,0
1777758352.092,18.785,771,0,0,0,0
1777758352.093,18.785,821,0,0,0,0
1777758352.094,18.785,827,0,0,0,0
1777758352.095,18.785,824,0,0,0,0
1777758352.095,18.785,823,0,0,0,0
1777758352.233,18.926,826,0,0,0,0
1777758352.234,18.926,827,0,0,0,0
1777758352.234,18.926,824,0,0,0,0
1777758352.234,18.926,655,0,0,0,0
1777758352.235,18.926,256,0,0,0,0
1777758352.235,18.926,147,0,0,0,0
1777758352.235,18.926,126,0,0,0,0
1777758352.411,19.101,92,0,0,0,0
1777758352.703,19.396,105,0,0,0,0
1777758352.704,19.396,90,0,0,0,0
1777758353.259,19.953,76,0,0,0,0
1777758353.260,19.953,78,0,0,0,0
1777758353.260,19.953,71,0,0,0,0
1777758353.261,19.953,95,0,0,0,0
1777758354.366,21.040,99,0,0,0,0
1777758354.368,21.040,118,0,0,0,0
1777758354.369,21.040,246,0,0,0,0
1777758354.369,21.040,630,0,0,0,0
1777758354.370,21.040,791,0,0,0,0
1777758354.370,21.040,837,0,0,0,0
1777758354.371,21.040,839,0,0,0,0
1777758354.371,21.040,837,0,0,0,0
1777758356.331,22.999,837,0,0,0,0
1777758356.331,22.999,834,0,0,0,0
1777758356.332,22.999,762,0,0,0,0
1777758356.333,22.999,547,0,0,0,0
1777758356.335,22.999,259,0,0,0,0
1777758356.336,22.999,151,0,0,0,0
1777758356.336,22.999,126,0,0,0,0
1777758356.336,22.999,113,0,0,0,0
1777758356.337,22.999,222,0,0,0,0
1777758356.337,22.999,433,0,0,0,0
1777758356.338,22.999,698,0,0,0,0
1777758356.338,23.000,815,0,0,0,0
1777758356.338,23.000,834,0,0,0,0
1777758356.339,23.000,832,0,0,0,0
1777758356.339,23.000,832,0,0,0,0
1777758356.339,23.000,812,0,0,0,0
1777758356.340,23.000,718,0,0,0,0
1777758356.340,23.000,490,0,0,0,0
1777758356.340,23.000,267,0,0,0,0
1777758356.341,23.000,171,0,0,0,0
1777758356.341,23.000,393,0,0,0,0
1777758356.342,23.000,720,0,0,0,0
1777758356.342,23.000,817,0,0,0,0
1777758356.342,23.000,832,0,0,0,0
1777758356.545,23.238,833,0,0,0,0
1777758356.545,23.238,782,0,0,0,0
1777758357.626,24.301,509,0,0,0,0
1777758357.627,24.301,476,0,0,0,0
1777758357.628,24.301,714,0,0,0,0
1777758357.628,24.301,818,0,0,0,0
1777758357.628,24.301,819,0,0,0,0
1777758357.629,24.301,820,0,0,0,0
1777758357.629,24.301,677,0,0,0,0
1777758357.629,24.301,609,0,0,0,0
1777758357.630,24.301,774,0,0,0,0
1777758357.659,24.352,797,0,0,0,0
1777758357.660,24.352,780,0,0,0,0
1777758357.774,24.467,776,0,0,0,0
1777758357.891,24.584,780,0,0,0,0
1777758358.219,24.911,779,0,0,0,0
1777758358.220,24.911,784,0,0,0,0
1777758358.277,24.970,780,0,0,0,0
1777758358.337,25.030,779,0,0,0,0
1777758358.387,25.079,778,0,0,0,0
1777758359.257,25.950,774,0,0,0,0
1777758359.258,25.950,718,0,0,0,0
1777758359.258,25.950,506,0,0,0,0
1777758359.259,25.950,746,0,0,0,0
1777758359.259,25.950,804,0,0,0,0
1777758359.260,25.950,787,0,0,0,0
1777758359.400,26.092,663,0,0,0,0
1777758359.401,26.092,617,0,0,0,0
1777758359.402,26.092,533,0,0,0,0
1777758359.477,26.170,214,0,0,0,0
1777758359.635,26.326,126,0,0,0,0
1777758359.690,26.383,97,0,0,0,0
1777758359.847,26.540,81,0,0,0,0
1777758360.774,27.466,74,0,0,0,0
1777758360.775,27.466,57,0,0,0,0
1777758360.776,27.466,66,0,0,0,0
1777758360.776,27.466,58,0,0,0,0
1777758360.777,27.466,60,0,0,0,0
1777758360.778,27.466,189,0,0,0,0
1777758360.778,27.466,347,0,0,0,0
1777758360.779,27.466,368,0,0,0,0
1777758360.832,27.525,394,0,0,0,0
1777758360.834,27.525,358,0,0,0,0
1777758360.934,27.626,306,0,0,0,0
1777758361.174,27.867,231,0,0,0,0
1777758361.175,27.867,167,0,0,0,0
1777758361.495,28.188,134,0,0,0,0
1777758361.496,28.188,121,0,0,0,0
1777758361.666,28.359,109,0,0,0,0
1777758361.668,28.359,86,0,0,0,0
1777758361.668,28.359,54,0,0,0,0
1777758361.824,28.517,53,0,0,0,0
1777758362.437,29.130,30,0,0,0,0
1777758362.437,29.130,30,0,0,0,0
1777758362.438,29.130,27,0,0,0,0
1777758362.438,29.130,0,0,0,0,0
1777758362.439,29.130,22,0,0,0,0
1777758364.974,31.667,17,0,0,0,0
1777758364.975,31.667,16,0,0,0,0
1777758364.975,31.667,20,0,0,0,0
1777758364.976,31.667,16,0,0,0,0
1777758364.976,31.667,21,0,0,0,0
1777758364.976,31.667,18,0,0,0,0
1777758364.977,31.667,12,0,0,0,0
1777758364.977,31.667,19,0,0,0,0
1777758364.977,31.667,16,0,0,0,0
1777758365.344,32.037,12,0,0,0,0
1777758365.345,32.037,14,0,0,0,0
1777758365.346,32.037,11,0,0,0,0
1777758365.346,32.037,10,0,0,0,0
1777758365.347,32.037,19,0,0,0,0
1777758365.347,32.037,10,0,0,0,0
1777758365.348,32.037,10,0,0,0,0
1777758365.348,32.037,17,0,0,0,0
1777758365.349,32.037,12,0,0,0,0
1777758365.349,32.037,9,0,0,0,0
1777758365.350,32.037,25,0,0,0,0
1777758365.350,32.037,10,0,0,0,0
1777758365.350,32.037,8,0,0,0,0
1777758365.351,32.037,7,0,0,0,0
1777758365.351,32.037,27,0,0,0,0
1777758365.351,32.037,6,0,0,0,0
1777758365.352,32.037,14,0,0,0,0
1777758365.352,32.037,12,0,0,0,0
1777758365.352,32.037,23,0,0,0,0
1777758365.353,32.037,6,0,0,0,0
1777758365.514,32.207,19,0,0,0,0
1777758366.208,32.901,3,0,0,0,0
1777758366.209,32.901,6,0,0,0,0
1777758366.209,32.901,6,0,0,0,0
1777758366.209,32.901,6,0,0,0,0
1777758366.210,32.901,11,0,0,0,0
1777758366.210,32.901,6,0,0,0,0
1777758366.211,32.901,3,0,0,0,0
1777758366.414,33.107,14,0,0,0,0
1777758366.414,33.107,23,0,0,0,0
1777758367.205,33.897,14,0,0,0,0
1777758367.207,33.897,1,0,0,0,0
1777758367.208,33.897,2,0,0,0,0
1777758367.209,33.897,3,0,0,0,0
1777758367.210,33.897,0,0,0,0,0
1777758367.211,33.897,10,0,0,0,0
1777758367.212,33.897,1,0,0,0,0
1777758367.338,34.031,5,0,0,0,0
1777758367.340,34.031,2,0,0,0,0
1777758367.434,34.127,5,0,0,0,0
1777758368.418,35.111,5,0,0,0,0
1777758368.419,35.111,5,0,0,0,0
1777758368.419,35.111,5,0,0,0,0
1777758368.420,35.111,5,0,0,0,0
1777758368.420,35.111,5,0,0,0,0
1777758566.700,0.032,0,0,0,0,0
1777758567.704,1.040,0,0,0,0,0
1777758569.321,2.657,0,0,0,0,0
1777758569.322,2.657,0,0,0,0,0
1777758571.410,4.744,128,0,0,0,0
1777758571.412,4.745,128,0,0,0,0
1777758571.530,4.865,168,0,0,0,0
1777758571.669,5.004,134,0,0,0,0
1777758571.670,5.004,140,0,0,0,0
1777758571.798,5.132,142,0,0,0,0
1777758572.076,5.411,152,0,0,0,0
1777758572.077,5.411,180,0,0,0,0
1777758572.203,5.539,243,0,0,0,0
1777758572.204,5.539,335,0,0,0,0
1777758572.353,5.688,440,0,0,0,0
1777758572.576,5.911,524,0,0,0,0
1777758572.578,5.911,622,0,0,0,0
1777758572.724,6.058,665,0,0,0,0
1777758572.726,6.059,668,0,0,0,0
1777758572.875,6.211,636,0,0,0,0
1777758573.018,6.353,518,0,0,0,0
1777758573.150,6.485,480,0,0,0,0
1777758573.151,6.485,401,0,0,0,0
1777758573.297,6.633,321,0,0,0,0
1777758573.749,7.084,283,0,0,0,0
1777758573.749,7.084,264,0,0,0,0
1777758573.750,7.084,264,0,0,0,0
1777758573.751,7.084,160,0,0,0,0
1777758574.062,7.396,91,0,0,0,0
1777758574.064,7.396,51,0,0,0,0
1777758574.065,7.396,48,0,0,0,0
1777758574.200,7.534,34,0,0,0,0
1777758574.201,7.534,23,0,0,0,0
1777758574.359,7.694,28,0,0,0,0
1777758574.647,7.981,25,0,0,0,0
1777758574.649,7.981,22,0,0,0,0
1777758574.650,7.982,21,0,0,0,0
1777758574.802,8.135,14,0,0,0,0
1777758575.097,8.433,38,0,0,0,0
1777758575.098,8.433,16,0,0,0,0
1777758575.099,8.433,293,0,0,0,0
1777758575.251,8.587,439,0,0,0,0
1777758575.252,8.587,479,0,0,0,0
1777758575.541,8.876,512,0,0,0,0
1777758575.543,8.876,537,0,0,0,0
1777758575.693,9.029,544,0,0,0,0
1777758575.695,9.029,547,0,0,0,0
1777758575.992,9.327,545,0,0,0,0
1777758575.993,9.327,543,0,0,0,0
1777758575.995,9.327,542,0,0,0,0
1777758576.105,9.439,550,0,0,0,0
1777758576.211,9.546,550,0,0,0,0
1777758576.447,9.782,553,0,0,0,0
1777758576.448,9.782,554,0,0,0,0
1777758576.590,9.926,552,0,0,0,0
1777758576.735,10.070,555,0,0,0,0
1777758576.736,10.070,551,0,0,0,0
1777758576.902,10.238,560,0,0,0,0
1777758577.057,10.393,553,0,0,0,0
1777758577.058,10.393,555,0,0,0,0
1777758577.206,10.542,558,0,0,0,0
1777758577.430,10.766,566,0,0,0,0
1777758577.431,10.766,554,0,0,0,0
1777758577.513,10.828,567,0,0,0,0
1777758577.548,10.884,553,0,0,0,0
1777758577.667,11.002,554,0,0,0,0
1777758578.124,11.459,551,0,0,0,0
1777758578.125,11.459,575,0,0,0,0
1777758578.126,11.459,548,0,0,0,0
1777758578.127,11.459,546,0,0,0,0
1777758578.264,11.588,545,0,0,0,0
1777758578.780,12.116,549,0,0,0,0
1777758578.781,12.116,544,0,0,0,0
1777758578.781,12.116,142,0,0,0,0
1777758578.782,12.116,91,0,0,0,0
1777758578.782,12.116,68,0,0,0,0
1777758579.043,12.378,49,0,0,0,0
1777758579.044,12.378,40,0,0,0,0
1777758579.044,12.378,34,0,0,0,0
1777758579.162,12.497,39,0,0,0,0
1777758579.301,12.637,27,0,0,0,0
1777758579.613,12.944,24,0,0,0,0
1777758579.614,12.945,23,0,0,0,0
1777758579.615,12.945,19,0,0,0,0
1777758579.690,13.009,18,0,0,0,0
1777758580.393,13.728,16,0,0,0,0
1777758580.396,13.728,17,0,0,0,0
1777758580.397,13.728,15,0,0,0,0
1777758580.398,13.728,15,0,0,0,0
1777758580.399,13.728,24,0,0,0,0
1777758580.399,13.728,9,0,0,0,0
1777758580.400,13.731,462,0,0,0,0
1777758816.662,0.044,0,0,0,0,0
1777758817.659,1.040,0,0,0,0,0
1777758819.227,2.611,0,0,0,0,0
1777758819.292,2.676,0,0,0,0,0
1777758821.453,4.836,84,0,0,0,0
1777758821.454,4.836,81,0,0,0,0
1777758821.454,4.836,91,0,0,0,0
1777758821.594,4.978,94,0,0,0,0
1777758821.735,5.118,59,0,0,0,0
1777758821.735,5.118,95,0,0,0,0
1777758821.888,5.272,100,0,0,0,0
1777758822.065,5.448,99,0,0,0,0
1777758822.066,5.449,100,0,0,0,0
1777758822.225,5.607,101,0,0,0,0
1777758822.836,6.219,98,0,0,0,0
1777758822.837,6.219,113,0,0,0,0
1777758822.839,6.219,104,0,0,0,0
1777758822.840,6.220,113,0,0,0,0
1777758822.841,6.220,119,0,0,0,0
1777758822.842,6.220,162,0,0,0,0
1777758823.756,7.140,216,0,0,0,0
1777758823.756,7.140,244,0,0,0,0
1777758823.757,7.140,329,0,0,0,0
1777758823.758,7.140,358,0,0,0,0
1777758824.104,7.487,355,0,0,0,0
1777758824.105,7.487,346,0,0,0,0
1777758824.105,7.487,340,0,0,0,0
1777758824.106,7.487,333,0,0,0,0
1777758824.107,7.487,330,0,0,0,0
1777758824.107,7.487,329,0,0,0,0
1777758824.108,7.487,339,0,0,0,0
1777758824.472,7.856,350,0,0,0,0
1777758824.473,7.856,339,0,0,0,0
1777758824.474,7.856,332,0,0,0,0
1777758824.475,7.856,324,0,0,0,0
1777758824.620,8.004,324,0,0,0,0
1777758824.620,8.004,361,0,0,0,0
1777758824.751,8.135,323,0,0,0,0
1777758825.205,8.588,322,0,0,0,0
1777758825.207,8.588,324,0,0,0,0
1777758825.209,8.588,301,0,0,0,0
1777758825.363,8.746,321,0,0,0,0
1777758825.365,8.747,320,0,0,0,0
1777758825.366,8.747,318,0,0,0,0
1777758825.505,8.888,318,0,0,0,0
1777758825.659,9.043,323,0,0,0,0
1777758825.660,9.043,311,0,0,0,0
1777758825.950,9.333,317,0,0,0,0
1777758825.950,9.334,318,0,0,0,0
1777758826.113,9.496,316,0,0,0,0
1777758826.114,9.496,317,0,0,0,0
1777758826.496,9.880,314,0,0,0,0
1777758826.498,9.880,311,0,0,0,0
1777758826.499,9.880,316,0,0,0,0
1777758826.500,9.880,305,0,0,0,0
1777758826.958,10.341,290,0,0,0,0
1777758826.960,10.341,274,0,0,0,0
1777758826.961,10.341,271,0,0,0,0
1777758826.962,10.341,251,0,0,0,0
1777758827.013,10.396,274,0,0,0,0
1777758827.131,10.515,272,0,0,0,0
1777758827.722,11.106,280,0,0,0,0
1777758827.725,11.106,139,0,0,0,0
1777758827.726,11.106,52,0,0,0,0
1777758827.727,11.106,45,0,0,0,0
1777758827.728,11.106,43,0,0,0,0
1777758827.729,11.106,28,0,0,0,0
1777758828.466,11.849,26,0,0,0,0
1777758828.467,11.849,23,0,0,0,0
1777758828.469,11.849,21,0,0,0,0
1777758828.469,11.849,16,0,0,0,0
1777758828.470,11.849,16,0,0,0,0
1777758828.471,11.849,16,0,0,0,0
1777758828.472,11.849,18,0,0,0,0
1777758828.575,11.958,13,0,0,0,0
1777758828.764,12.148,13,0,0,0,0
1777758828.944,12.327,19,0,0,0,0
1777758828.944,12.327,2,0,0,0,0
1777758829.095,12.479,7,0,0,0,0
1777758829.096,12.479,3,0,0,0,0
1777758829.206,12.589,134,0,0,0,0
1777758829.718,13.101,233,0,0,0,0
1777758829.719,13.101,245,0,0,0,0
1777758829.721,13.101,247,0,0,0,0
1777758829.722,13.101,255,0,0,0,0
1777758829.724,13.107,260,0,0,0,0
1777758829.849,13.229,260,0,0,0,0
1777758829.954,13.336,262,0,0,0,0
1777758830.059,13.442,261,0,0,0,0
1777758830.133,13.516,261,0,0,0,0
1777758830.287,13.669,262,0,0,0,0
1777758830.434,13.817,263,0,0,0,0
1777758830.584,13.967,260,0,0,0,0
1777758830.585,13.967,268,0,0,0,0
1777758830.704,14.086,268,0,0,0,0
1777758830.796,14.179,272,0,0,0,0
1777758831.034,14.417,263,0,0,0,0
1777758831.036,14.417,279,0,0,0,0
1777758831.196,14.579,259,0,0,0,0
1777758831.197,14.580,264,0,0,0,0
1777758831.348,14.730,277,0,0,0,0
1777758831.410,14.793,268,0,0,0,0
1777758831.528,14.911,264,0,0,0,0
1777758831.788,15.171,264,0,0,0,0
1777758831.790,15.172,261,0,508,0,0
1777758831.952,15.322,296,0,0,0,0
1777758831.952,15.322,262,0,0,0,0
1777758832.065,15.438,259,0,0,0,0
1777758832.194,15.563,261,0,0,0,0
1777758832.251,15.634,261,0,0,0,0
1777758832.558,15.941,263,0,0,0,0
1777758832.559,15.941,253,0,0,0,0
1777758832.691,16.071,260,0,0,0,0
1777758832.692,16.071,262,0,0,0,0
1777758832.855,16.233,261,0,0,0,0
1777758832.951,16.310,271,0,0,0,0
1777758833.060,16.421,260,0,0,0,0
1777758833.168,16.525,260,0,0,0,0
1777758833.299,16.669,260,0,0,0,0
1777758833.611,16.994,259,0,0,0,0
1777758833.611,16.994,256,0,0,0,0
1777758833.612,16.994,260,0,0,0,0
1777758833.663,17.047,266,0,0,0,0
1777758833.743,17.127,260,0,0,0,0
1777758834.189,17.573,272,0,0,0,0
1777758834.190,17.573,272,0,0,0,0
1777758834.191,17.573,258,0,0,0,0
1777758834.192,17.573,259,0,0,0,0
1777758835.077,18.460,265,0,0,0,0
1777758835.078,18.460,265,0,0,0,0
1777758835.079,18.460,218,0,0,0,0
1777758835.081,18.460,266,0,0,0,0
1777758835.081,18.460,260,0,0,0,0
1777758835.082,18.460,265,0,0,0,0
1777758835.083,18.460,271,0,0,0,0
1777758835.085,18.467,284,0,0,0,0
1777758835.086,18.467,290,0,0,0,0
1777758835.209,18.591,327,0,0,0,0
1777758835.561,18.938,347,0,0,0,0
1777758835.561,18.938,372,0,0,0,0
1777758835.562,18.938,398,0,0,0,0
1777758835.688,19.063,423,0,0,0,0
1777758835.731,19.114,451,0,0,0,0
1777758835.861,19.244,458,0,0,0,0
1777758835.918,19.302,471,0,0,0,0
1777758836.129,19.513,475,0,0,0,0
1777758836.130,19.513,469,0,0,0,0
1777758836.327,19.711,468,0,0,0,0
1777758836.472,19.855,464,0,0,0,0
1777758836.472,19.855,455,0,0,0,0
1777758836.575,19.939,458,0,0,0,0
1777758837.091,20.475,458,0,0,0,0
1777758837.092,20.475,467,0,0,0,0
1777758837.092,20.475,470,0,0,0,0
1777758837.093,20.475,473,0,0,0,0
1777758837.274,20.657,476,0,0,0,0
1777758837.276,20.657,453,0,0,0,0
1777758837.334,20.717,462,0,0,0,0
1777758837.570,20.953,461,0,0,0,0
1777758837.572,20.953,470,0,0,0,0
1777758837.753,21.137,469,0,0,0,0
1777758837.754,21.137,447,0,0,0,0
1777758837.900,21.283,477,0,0,0,0
1777758837.983,21.342,513,0,0,0,0
1777758838.561,21.944,520,0,0,0,0
1777758838.572,21.955,554,0,0,0,0
1777758838.575,21.956,520,0,0,0,0
1777758838.576,21.956,557,0,0,0,0
1777758838.577,21.956,574,0,0,0,0
1777758838.580,21.964,571,0,0,0,0
1777758838.783,22.166,562,0,0,0,0
1777758838.784,22.166,556,0,0,0,0
1777758838.951,22.321,586,0,0,0,0
1777758840.378,23.762,575,0,0,0,0
1777758840.379,23.762,566,0,0,0,0
1777758840.379,23.762,564,0,0,0,0
1777758840.380,23.762,562,0,0,0,0
1777758840.380,23.762,559,0,0,0,0
1777758840.381,23.762,561,0,0,0,0
1777758840.381,23.762,558,0,0,0,0
1777758840.533,23.917,569,0,0,0,0
1777758840.535,23.917,557,0,0,0,0
1777758840.536,23.917,557,0,0,0,0
1777758981.915,1.077,0,0,0,0,0
1777758983.441,2.604,0,0,0,0,0
1777758983.489,2.652,0,0,0,0,0
1777758985.475,4.627,2,0,0,0,0
1777758985.643,4.807,2,0,0,0,0
1777758985.644,4.807,1,0,0,0,0
1777758985.799,4.963,1,0,0,0,0
1777758986.143,5.306,1,0,0,0,0
1777758986.144,5.306,0,0,0,0,0
1777758986.145,5.307,12,0,0,0,0
1777758986.301,5.465,3,0,0,0,0
1777758986.302,5.465,2,0,0,0,0
1777758986.465,5.622,115,0,0,0,0
1777758986.638,5.802,147,0,0,0,0
1777758986.640,5.802,174,0,0,0,0
1777758986.788,5.951,181,0,0,0,0
1777758987.105,6.269,190,0,0,0,0
1777758987.106,6.269,176,0,0,0,0
1777758987.107,6.269,199,0,0,0,0
1777758987.238,6.401,201,0,0,0,0
1777758987.238,6.401,202,0,0,0,0
1777758987.868,7.028,205,0,0,0,0
1777758987.869,7.028,218,0,0,0,0
1777758987.869,7.028,237,0,0,0,0
1777758987.870,7.028,273,0,0,0,0
1777758987.870,7.028,306,0,0,0,0
1777758988.218,7.382,339,0,0,0,0
1777758988.219,7.382,386,0,0,0,0
1777758988.219,7.382,427,0,0,0,0
1777758988.219,7.382,431,0,0,0,0
1777758988.348,7.512,437,0,0,0,0
1777758989.179,8.343,437,0,0,0,0
1777758989.179,8.343,435,0,0,0,0
1777758989.180,8.343,448,0,0,0,0
1777758989.180,8.343,446,0,0,0,0
1777758989.180,8.343,460,0,0,0,0
1777758989.181,8.343,461,0,0,0,0
1777758989.181,8.343,467,0,0,0,0
1777758989.334,8.498,480,0,0,0,0
1777758989.335,8.498,487,0,0,0,0
1777758989.335,8.498,493,0,0,0,0
1777758989.769,8.932,487,0,0,0,0
1777758989.771,8.932,491,0,0,0,0
1777758989.772,8.932,498,0,0,0,0
1777758989.772,8.932,495,0,0,0,0
1777758990.982,10.146,490,0,0,0,0
1777758990.983,10.146,507,0,0,0,0
1777758990.984,10.146,507,0,0,0,0
1777758990.985,10.146,524,0,0,0,0
1777758990.985,10.146,553,0,0,0,0
1777758990.985,10.146,536,0,0,0,0
1777758990.986,10.146,548,0,0,0,0
1777758990.986,10.146,570,0,0,0,0
1777758990.987,10.146,583,0,0,0,0
1777758990.988,10.152,589,0,0,0,0
1777758990.989,10.152,592,0,0,0,0
1777758991.118,10.281,590,0,0,0,0
1777758991.120,10.282,590,0,0,0,0
1777758992.037,11.201,596,0,0,0,0
1777758992.037,11.201,599,0,0,0,0
1777758992.038,11.201,596,0,0,0,0
1777758992.039,11.201,592,0,0,0,0
1777758992.039,11.201,586,0,0,0,0
1777758992.040,11.201,577,0,0,0,0
1777758992.040,11.201,560,0,0,0,0
1777758992.041,11.201,540,0,0,0,0
1777758992.041,11.203,546,0,0,0,0
1777758992.180,11.344,556,0,0,0,0
1777758992.357,11.511,571,0,0,0,0
1777758992.391,11.554,581,0,0,0,0
1777758992.509,11.673,594,0,0,0,0
1777758992.630,11.794,595,0,0,0,0
1777758993.153,12.316,592,0,0,0,0
1777758993.155,12.316,592,0,0,0,0
1777758993.156,12.317,591,0,0,0,0
1777758993.156,12.317,592,0,0,0,0
1777758993.157,12.317,591,0,0,0,0
1777758993.520,12.683,593,0,0,0,0
1777758993.522,12.683,592,0,0,0,0
1777758993.523,12.683,591,0,0,0,0
1777758993.525,12.683,592,0,0,0,0
1777758993.675,12.839,597,0,0,0,0
1777758994.468,13.631,606,0,0,0,0
1777758994.469,13.631,620,0,0,0,0
1777758994.469,13.631,631,0,0,0,0
1777758994.470,13.632,641,0,0,0,0
1777759128.109,1.058,0,0,0,0,0
1777759129.646,2.595,0,0,0,0,0
1777759129.708,2.657,0,0,0,0,0
1777759131.675,4.624,6,0,0,0,0
1777759131.776,4.691,1,0,0,0,0
1777759131.907,4.844,2,0,0,0,0
1777759131.994,4.925,0,0,0,0,0
1777759132.149,5.098,47,0,0,0,0
1777759132.310,5.259,2,0,0,0,0
1777759132.311,5.259,10,0,0,0,0
1777759132.447,5.396,0,0,0,0,0
1777759132.561,5.484,6,0,0,0,0
1777759132.596,5.545,1,0,0,0,0
1777759132.745,5.670,26,0,0,0,0
1777759132.880,5.829,4,0,0,0,0
1777759132.942,5.886,6,0,0,0,0
1777759133.088,6.018,0,0,0,0,0
1777759133.115,6.064,1,0,0,0,0
1777759133.258,6.206,5,0,0,0,0
1777759133.323,6.272,1,0,0,0,0
1777759133.427,6.376,6,0,0,0,0
1777759133.554,6.503,0,0,0,0,0
1777759133.698,6.647,5,0,0,0,0
1777759133.973,6.922,1,0,0,0,0
1777759133.974,6.922,1,0,0,0,0
1777759133.974,6.922,0,0,0,0,0
1777759134.215,7.164,298,0,0,0,0
1777759134.217,7.165,346,0,0,0,0
1777759135.171,8.120,365,0,0,0,0
1777759135.172,8.120,383,0,0,0,0
1777759135.172,8.120,397,0,0,0,0
1777759135.173,8.120,407,0,0,0,0
1777759135.173,8.120,418,0,0,0,0
1777759135.173,8.120,414,0,0,0,0
1777759135.174,8.120,410,0,0,0,0
1777759135.174,8.120,413,0,0,0,0
1777759135.180,8.130,417,0,0,0,0
1777759135.320,8.269,398,0,0,0,0
1777759135.321,8.269,421,0,0,0,0
1777759135.527,8.476,413,0,0,0,0
1777759135.529,8.476,414,0,0,0,0
1777759135.699,8.637,427,0,0,0,0
1777759135.836,8.775,428,0,0,0,0
1777759135.999,8.948,425,0,0,0,0
1777759136.001,8.948,428,0,0,0,0
1777759136.172,9.120,423,0,0,0,0
1777759136.174,9.120,426,0,0,0,0
1777759136.296,9.244,426,0,0,0,0
1777759136.427,9.376,426,0,0,0,0
1777759136.575,9.524,428,0,0,0,0
1777759136.577,9.524,427,0,0,0,0
1777759136.718,9.667,428,0,0,0,0
1777759137.048,9.995,429,0,0,0,0
1777759137.050,9.995,429,0,0,0,0
1777759137.051,9.995,426,0,0,0,0
1777759137.173,10.122,430,0,0,0,0
1777759137.471,10.420,433,0,0,0,0
1777759137.472,10.420,431,0,0,0,0
1777759137.473,10.420,436,0,0,0,0
1777759137.628,10.577,428,0,0,0,0
1777759137.630,10.577,429,0,0,0,0
1777759137.929,10.877,433,0,0,0,0
1777759137.931,10.877,438,0,0,0,0
1777759138.057,11.006,451,0,0,0,0
1777759138.548,11.488,495,0,0,0,0
1777759138.548,11.488,474,0,0,0,0
1777759138.549,11.488,479,0,0,0,0
1777759138.549,11.488,471,0,0,0,0
1777759138.680,11.624,469,0,0,0,0
1777759138.681,11.624,469,0,0,0,0
1777759138.681,11.624,470,0,0,0,0
1777759138.977,11.919,470,0,0,0,0
1777759138.978,11.919,437,0,0,0,0
1777759139.139,12.088,470,0,0,0,0
1777759139.140,12.088,469,0,0,0,0
1777759139.463,12.412,466,0,0,0,0
1777759139.464,12.412,462,0,0,0,0
1777759139.567,12.501,465,0,0,0,0
1777759139.568,12.501,464,0,0,0,0
1777759139.941,12.890,464,0,0,0,0
1777759139.942,12.890,465,0,0,0,0
1777759144.282,17.230,468,0,0,0,0
1777759144.284,17.230,471,0,0,0,0
1777759144.286,17.230,474,0,0,0,0
1777759144.287,17.230,474,0,0,0,0
1777759144.288,17.230,443,0,0,0,0
1777759144.289,17.230,462,0,0,0,0
1777759144.290,17.231,445,0,0,0,0
1777759144.290,17.231,327,0,0,0,0
1777759144.409,17.358,166,0,0,0,0
1777759144.411,17.358,85,0,0,0,0
1777759144.412,17.358,70,0,0,0,0
1777759144.413,17.358,53,0,0,0,0
1777759144.414,17.358,44,0,0,0,0
1777759144.415,17.358,43,0,0,0,0
1777759144.416,17.358,31,0,0,0,0
1777759144.416,17.358,33,0,0,0,0
1777759144.417,17.358,31,0,0,0,0
1777759144.418,17.358,32,0,0,0,0
1777759341.883,2.064,0,0,0,0,0
1777759343.443,3.625,0,0,0,0,0
1777759343.445,3.625,0,0,0,0,0
1777759345.675,5.854,494,0,10,8,0
1777759345.676,5.854,589,0,12,12,0
1777759345.677,5.855,655,0,12,0,0
1777759345.830,6.012,696,0,6,6,0
1777759346.009,6.192,728,0,10,0,0
1777759346.010,6.192,738,0,10,0,0
1777759346.151,6.332,752,0,11,11,0
1777759346.152,6.332,763,0,11,0,0
1777759346.301,6.483,769,0,8,8,0
1777759346.457,6.637,767,0,14,0,0
1777759346.589,6.770,755,0,10,0,10
1777759346.590,6.770,744,0,8,0,0
1777759346.725,6.908,740,0,7,7,0
1777759347.135,7.317,734,0,10,0,0
1777759347.136,7.317,734,0,9,0,0
1777759347.137,7.317,736,0,11,11,0
1777759347.504,7.685,728,0,8,0,0
1777759347.505,7.685,734,0,8,8,0
1777759347.506,7.685,735,0,11,0,0
1777759347.507,7.685,736,0,8,8,0
1777759347.651,7.815,729,0,10,0,0
1777759347.651,7.815,733,0,11,11,0
1777759347.794,7.965,725,0,11,0,0
1777759348.234,8.406,723,0,11,11,0
1777759348.234,8.406,711,0,10,0,0
1777759348.235,8.406,687,0,9,0,0
1777759348.533,8.713,632,0,8,8,0
1777759348.534,8.713,526,0,13,0,0
1777759348.535,8.713,396,0,11,11,0
1777759348.535,8.714,232,0,10,0,0
1777759348.695,8.854,201,0,8,8,0
1777759348.696,8.854,180,0,11,0,0
1777759348.822,9.005,158,0,8,8,0
1777759349.121,9.304,150,0,10,0,0
1777759349.122,9.304,141,0,11,11,0
1777759349.123,9.304,134,0,0,0,0
1777759349.270,9.453,142,0,12,12,0
1777759349.697,9.880,138,0,15,0,0
1777759349.699,9.880,139,0,10,0,0
1777759349.700,9.880,143,0,10,10,0
1777759349.701,9.880,147,0,11,0,0
1777759349.883,10.056,168,0,10,10,0
1777759349.883,10.056,332,0,9,0,0
1777759350.107,10.289,488,0,7,7,0
1777759350.108,10.290,603,0,11,0,0
1777759350.160,10.343,688,0,7,7,0
1777759350.271,10.453,742,0,8,0,0
1777759350.396,10.575,759,0,11,11,0
1777759350.756,10.939,759,0,7,0,0
1777759350.757,10.939,754,0,7,0,0
1777759350.757,10.939,743,0,7,7,0
1777759350.913,11.095,727,0,12,0,0
1777759350.914,11.095,682,0,10,10,0
1777759351.140,11.322,608,0,11,0,0
1777759419.678,0.085,0,0,0,0,0
1777759420.632,1.038,0,0,0,0,0
1777759422.198,2.605,0,0,0,0,0
1777759422.261,2.668,0,0,0,0,0
1777759424.222,4.627,0,0,0,0,0
1777759424.338,4.745,6,0,0,0,0
1777759424.399,4.806,11,0,0,0,0
1777759424.523,4.929,10,0,0,0,0
1777759424.643,5.049,0,0,0,0,0
1777759424.761,5.168,3,0,0,0,0
1777759424.822,5.229,44,0,0,0,0
1777759424.962,5.369,2,0,0,0,0
1777759425.058,5.464,6,0,0,0,0
1777759425.171,5.578,1,0,0,0,0
1777759425.259,5.666,4,0,0,0,0
1777759425.377,5.784,5,0,0,0,0
1777759425.443,5.849,10,0,0,0,0
1777759425.567,5.974,0,0,0,0,0
1777759425.660,6.067,2,0,0,0,0
1777759425.799,6.206,2,0,0,0,0
1777759425.962,6.369,13,0,0,0,0
1777759426.275,6.682,4,0,0,0,0
1777759426.277,6.682,1,0,0,0,0
1777759426.279,6.682,2,0,0,0,0
1777759426.334,6.741,0,0,0,0,0
1777759426.391,6.799,0,0,0,0,0
1777759426.507,6.914,16,0,0,0,0
1777759426.762,7.169,3,0,0,0,0
1777759426.764,7.169,2,0,0,0,0
1777759426.815,7.221,2,0,0,0,0
1777759426.936,7.343,0,0,0,0,0
1777759427.292,7.697,0,0,0,0,0
1777759427.293,7.697,2,0,0,0,0
1777759427.294,7.697,0,0,0,0,0
1777759427.341,7.748,2,0,0,0,0
1777759427.450,7.857,0,0,0,0,0
1777759427.569,7.976,6,0,0,0,0
1777759427.897,8.304,4,0,0,0,0
1777759427.898,8.304,2,0,0,0,0
1777759427.899,8.304,2,0,0,0,0
1777759427.968,8.375,4,0,0,0,0
1777759428.237,8.641,2,0,0,0,0
1777759428.238,8.641,2,0,0,0,0
1777759428.289,8.696,2,0,0,0,0
1777759428.401,8.808,11,0,0,0,0
1777759428.542,8.949,3,0,0,0,0
1777759428.788,9.193,2,0,0,0,0
1777759428.790,9.193,0,0,0,0,0
1777759428.930,9.337,0,0,0,0,0
1777759428.932,9.337,2,0,0,0,0
1777759429.082,9.490,2,0,0,0,0
1777759429.448,9.855,10,0,0,0,0
1777759429.450,9.855,2,0,0,0,0
1777759429.451,9.855,9,0,0,0,0
1777759429.452,9.855,1,0,0,0,0
1777759429.585,9.992,2,0,0,0,0
1777759429.760,10.167,4,0,0,0,0
1777759429.762,10.167,0,0,0,0,0
1777759429.869,10.276,0,0,0,0,0
1777759429.989,10.396,0,0,0,0,0
1777759430.353,10.759,0,0,0,0,0
1777759430.354,10.759,2,0,0,0,0
1777759430.356,10.759,4,0,0,0,0
1777759430.444,10.851,2,0,0,0,0
1777759430.501,10.907,0,0,0,0,0
1777759430.763,11.167,0,0,0,0,0
1777759430.765,11.167,0,0,0,0,0
1777759430.809,11.216,17,0,0,0,0
1777759430.920,11.327,0,0,0,0,0
1777759431.014,11.421,1,0,0,0,0
1777759431.398,11.804,4,0,0,0,0
1777759431.400,11.805,20,0,0,0,0
1777759431.403,11.805,4,0,0,0,0
1777759431.444,11.852,3,0,0,0,0
1777759431.921,12.328,0,0,0,0,0
1777759431.922,12.328,4,0,0,0,0
1777759431.923,12.328,23,0,0,0,0
1777759431.923,12.328,6,0,0,0,0
1777759431.973,12.380,2,0,0,0,0
1777759432.080,12.486,6,0,0,0,0
1777759432.339,12.745,3,0,0,0,0
1777759432.341,12.746,2,0,0,0,0
1777759432.387,12.794,2,0,0,0,0
1777759432.513,12.918,0,0,0,0,0
1777759432.639,13.045,2,0,0,0,0
1777759432.817,13.223,2,0,0,0,0
1777759432.818,13.223,0,0,0,0,0
1777759432.925,13.331,0,0,0,0,0
1777759433.027,13.434,2,0,0,0,0
1777759433.206,13.610,0,0,0,0,0
1777759433.259,13.665,1,0,0,0,0
1777759433.390,13.797,7,0,0,0,0
1777759433.448,13.855,2,0,0,0,0
1777759433.572,13.978,2,0,0,0,0
1777759433.820,14.225,2,0,0,0,0
1777759433.822,14.225,13,0,0,0,0
1777759433.871,14.278,20,0,0,0,0
1777759433.997,14.404,0,0,0,0,0
1777759434.051,14.458,4,0,0,0,0
1777759434.445,14.852,0,0,0,0,0
1777759434.446,14.852,2,0,0,0,0
1777759434.446,14.852,2,0,0,0,0
1777759434.509,14.916,0,0,0,0,0
1777759434.595,15.002,5,0,0,0,0
1777759434.967,15.374,7,0,0,0,0
1777759434.967,15.374,4,0,0,0,0
1777759434.968,15.374,3,0,0,0,0
1777759435.029,15.437,2,0,0,0,0
1777759435.302,15.710,2,0,0,0,0
1777759435.303,15.710,2,0,0,0,0
1777759435.358,15.765,5,0,0,0,0
1777759435.466,15.873,2,0,0,0,0
1777759435.570,15.977,1,0,0,0,0
1777759435.741,16.148,22,0,0,0,0
1777759435.742,16.149,2,0,0,0,0
1777759435.870,16.277,2,0,0,0,0
1777759435.978,16.385,2,0,0,0,0
1777759436.106,16.513,0,0,0,0,0
1777759436.406,16.813,2,0,0,0,0
1777759436.407,16.813,1,0,0,0,0
1777759436.409,16.813,0,0,0,0,0
1777759436.519,16.926,1,0,0,0,0
1777759436.611,17.018,2,0,0,0,0
1777759437.001,17.409,0,0,0,0,0
1777759437.002,17.409,0,0,0,0,0
1777759437.002,17.409,6,0,0,0,0
1777759437.003,17.409,6,0,0,0,0
1777759437.123,17.531,26,0,0,0,0
1777759437.233,17.640,0,0,0,0,0
1777759437.376,17.784,5,0,0,0,0
1777759437.438,17.845,1,0,0,0,0
1777759437.615,18.022,2,0,0,0,0
1777759437.672,18.078,18,0,0,0,0
1777759437.766,18.174,2,0,0,0,0
1777759437.836,18.243,0,0,0,0,0
1777759437.967,18.374,1,0,0,0,0
1777759438.074,18.480,11,0,0,0,0
1777759438.185,18.592,9,0,0,0,0
1777759438.310,18.717,2,0,0,0,0
1777759438.375,18.782,9,0,0,0,0
1777759438.503,18.909,7,0,0,0,0
1777759438.618,19.025,9,0,0,0,0
1777759438.668,19.075,0,0,0,0,0
1777759438.824,19.231,11,0,0,0,0
1777759438.979,19.386,1,0,0,0,0
1777759439.126,19.533,2,0,0,0,0
1777759439.127,19.533,2,0,0,0,0
1777759439.288,19.696,7,0,0,0,0
1777759439.428,19.835,1,0,0,0,0
1777759439.429,19.835,2,0,0,0,0
1777759439.579,19.986,4,0,0,0,0
1777759439.717,20.124,7,0,0,0,0
1777759439.773,20.180,1,0,0,0,0
1777759439.842,20.249,2,0,0,0,0
1777759439.988,20.395,2,0,0,0,0
1777759440.107,20.515,2,0,0,0,0
1777759440.162,20.569,0,0,0,0,0
1777759440.298,20.703,23,0,0,0,0
1777759440.407,20.814,0,0,0,0,0
1777759440.471,20.878,14,0,0,0,0
1777759440.636,21.043,2,0,0,0,0
1777759440.728,21.135,0,0,0,0,0
1777759440.826,21.231,2,0,0,0,0
1777759440.900,21.303,0,0,0,0,0
1777759441.014,21.419,3,0,0,0,0
1777759441.122,21.528,2,0,0,0,0
1777759441.249,21.656,5,0,0,0,0
1777759441.351,21.757,28,0,0,0,0
1777759441.509,21.916,2,0,0,0,0
1777759441.582,21.988,0,0,0,0,0
1777759441.644,22.051,2,0,0,0,0
1777759441.757,22.163,2,0,0,0,0
1777759441.866,22.272,3,0,0,0,0
1777759441.984,22.391,2,0,0,0,0
1777759442.123,22.530,0,0,0,0,0
1777759442.185,22.591,17,0,0,0,0
1777759442.256,22.661,0,0,0,0,0
1777759442.391,22.797,3,0,0,0,0
1777759442.515,22.921,2,0,0,0,0
1777759442.639,23.045,21,0,0,0,0
1777759442.689,23.094,2,0,0,0,0
1777759442.798,23.204,2,0,0,0,0
1777759442.910,23.317,20,0,0,0,0
1777759442.991,23.397,0,0,0,0,0
1777759443.115,23.517,7,0,0,0,0
1777759443.231,23.637,0,0,0,0,0
1777759443.334,23.741,2,0,0,0,0
1777759443.453,23.859,0,0,0,0,0
1777759443.522,23.928,1,0,0,0,0
1777759443.665,24.069,2,0,0,0,0
1777759443.732,24.137,0,0,0,0,0
1777759443.896,24.302,2,0,0,0,0
1777759443.952,24.358,0,0,0,0,0
1777759444.069,24.476,45,0,0,0,0
1777759444.182,24.588,2,0,0,0,0
1777759444.300,24.706,49,0,0,0,0
1777759444.353,24.760,2,0,0,0,0
1777759444.491,24.898,0,0,0,0,0
1777759444.648,25.054,11,0,0,0,0
1777759444.697,25.104,0,0,0,0,0
1777759444.806,25.213,10,0,0,0,0
1777759444.930,25.336,2,0,0,0,0
1777759445.022,25.429,2,0,0,0,0
1777759445.133,25.540,2,0,0,0,0
1777759445.196,25.602,2,0,0,0,0
1777759445.322,25.729,4,0,0,0,0
1777759445.434,25.841,0,0,0,0,0
1777759445.550,25.954,0,0,0,0,0
1777759769.749,0.042,0,0,0,0,0
1777759770.769,1.066,0,0,0,0,0
1777759772.353,2.650,0,0,0,0,0
1777759772.355,2.650,0,0,0,0,0
1777759774.743,5.038,1,0,-23490,-32706,0
1777759774.746,5.038,22,0,-18432,0,0
1777759775.189,5.485,2,0,-18432,-18432,0
1777759775.193,5.485,0,0,-20480,0,0
1777759912.504,0.037,0,0,0,0,0
1777759913.506,1.040,0,0,0,0,0
1777759915.070,2.602,0,0,0,0,0
1777759915.071,2.602,0,0,0,0,0
1777759917.993,5.527,0,0,0,0,0
1777759917.995,5.527,1,0,0,0,0
1777759917.996,5.527,1,0,0,0,0
1777759918.162,5.695,2,0,0,0,0
1777759918.163,5.695,9,0,0,0,0
1777759918.164,5.695,0,0,0,0,0
1777759918.165,5.695,7,0,0,0,0
1777759918.166,5.695,0,0,0,0,0
1777759918.166,5.695,514,0,0,0,0
1777759918.167,5.695,587,0,0,0,0
1777759918.168,5.695,606,0,0,0,0
1777759918.293,5.826,614,0,0,0,0
1777759918.470,6.004,617,0,0,0,0
1777759918.471,6.004,607,0,0,0,0
1777759918.616,6.150,627,0,0,0,0
1777759918.761,6.294,628,0,0,0,0
1777759918.763,6.294,641,0,0,0,0
1777759918.887,6.420,632,0,0,0,0
1777759919.033,6.565,636,0,0,0,0
1777759919.231,6.744,633,0,0,0,0
1777759919.231,6.744,630,0,0,0,0
1777759919.397,6.892,635,0,0,0,0
1777759919.545,7.019,638,0,0,0,0
1777759919.546,7.019,634,0,0,0,0
1777759919.655,7.176,638,0,0,0,0
1777759919.821,7.323,636,0,0,0,0
1777759919.822,7.323,638,0,0,0,0
1777759919.983,7.486,640,0,0,0,0
1777759920.081,7.615,638,0,0,0,0
1777759920.240,7.773,637,0,0,0,0
1777759920.240,7.773,648,0,0,0,0
1777759920.409,7.924,642,0,0,0,0
1777759920.587,8.086,641,0,0,0,0
1777759920.587,8.086,654,0,0,0,0
1777759920.712,8.231,640,0,0,0,0
1777759920.838,8.372,640,0,0,0,0
1777759920.999,8.521,642,0,0,0,0
1777759921.000,8.521,642,0,0,0,0
1777759921.137,8.671,643,0,0,0,0
1777759921.138,8.671,640,0,0,0,0
1777759921.280,8.814,648,0,0,0,0
1777759921.581,9.115,653,0,0,0,0
1777759921.583,9.115,659,0,0,0,0
1777759921.584,9.115,614,0,0,0,0
1777759921.762,9.286,515,0,0,0,0
1777759921.888,9.422,403,0,0,0,0
1777759921.889,9.422,252,0,0,0,0
1777759922.205,9.731,143,0,0,0,0
1777759922.206,9.731,93,0,0,0,0
1777759922.338,9.872,68,0,0,0,0
1777759922.339,9.872,49,0,0,0,0
1777759922.499,10.033,41,0,0,0,0
1777759922.647,10.169,43,0,0,0,0
1777759922.648,10.169,33,0,0,0,0
1777759922.789,10.323,35,0,0,0,0
1777759922.972,10.488,52,0,0,0,0
1777759922.973,10.488,29,0,0,0,0
1777759923.092,10.618,24,0,0,0,0
1777759923.239,10.773,22,0,0,0,0
1777759923.464,10.998,20,0,0,0,0
1777759923.466,10.998,19,0,0,0,0
1777759923.467,10.998,17,0,0,0,0
1777759923.684,11.177,18,0,0,0,0
1777759923.773,11.284,28,0,0,0,0
1777759923.805,11.339,18,0,0,0,0
1777759923.926,11.459,28,0,0,0,0
1777759924.068,11.593,53,0,0,0,0
1777759924.219,11.753,92,0,0,0,0
1777759924.219,11.753,127,0,0,0,0
1777759924.396,11.915,154,0,0,0,0
1777759924.522,12.050,261,0,0,0,0
1777759924.523,12.050,329,0,0,0,0
1777759924.640,12.166,413,0,0,0,0
1777759924.767,12.293,480,0,0,0,0
1777759924.867,12.365,517,0,0,0,0
1777759924.998,12.501,534,0,0,0,0
1777759925.184,12.697,538,0,0,0,0
1777759925.314,12.814,522,0,0,0,0
1777759925.314,12.814,509,0,0,0,0
1777759925.418,12.952,399,0,0,0,0
1777759925.519,13.026,249,0,0,0,0
1777759925.559,13.093,159,0,0,0,0
1777759925.736,13.252,122,0,0,0,0
1777759925.865,13.399,92,0,0,0,0
